title,artists,lyrics,label
Dan,Sheila on 7, Dan... Bila esok datang kembali Seperti sedia kala dimana kau bisa bercanda Dan... Perlahan kaupun lupakan aku Mimpi burukmu Dimana t'lah kutancapkan duri tajam Kaupun menangis menangis sedih Maafkan aku...  Dan... Bukan maksudku bukan inginku Melukaimu sadarkah kau di sini 'kupun terluka Melupakanmu menepikanmu Maafkan aku  Lupakanlah saja diriku Bila itu bisa membuatmu kembali bersinar Dan berpijar seperti dulu kala Caci maki saja diriku Bila itu bisa membuatmu kembali bersinar Dan berpijar seperti dulu kala  Dan... Bukan maksudku bukan inginku Melukaimu sadarkah kau di sini 'kupun terluka Melupakanmu menepikanmu Maafkan aku  Lupakanlah saja diriku Bila itu bisa membuatmu kembali bersinar Dan berpijar seperti dulu kala Caci maki saja diriku Bila itu bisa membuatmu kembali bersinar Dan berpijar seperti dulu kala,1
Terlatih Patah Hati,the rain, aku sudah mulai lupa saat pertama rasakan lara oleh harapan yang pupus hingga hati cedera serius  terima kasih kalian barisan para mantan dan semua yang pergi tanpa sempat aku miliki  tak satupun yang aku sesali hanya membuatku semakin terlatih  begini rasanya terlatih patah hati hadapi getirnya terlatih disakiti bertepuk sebelah tangan (sudah biasa) ditinggal tanpa alasan (sudah biasa) penuh luka itu pasti tapi aku tetap bernyanyi  lama tak ku dengar tentangnya yang paling dalam tancapkan luka satu hal yang aku tahu terkadang dia juga rindu  terima kasih kalian barisan para mantan dan semua yang pergi tanpa sempat aku miliki  tak satupun yang aku sesali hanya membuatku semakin terlatih  begini rasanya terlatih patah hati hadapi getirnya terlatih disakiti bertepuk sebelah tangan (sudah biasa) ditinggal tanpa alasan (sudah biasa) penuh luka itu pasti tapi aku tetap bernyanyi  begini rasanya terlatih patah hati hadapi getirnya terlatih disakiti bertepuk sebelah tangan (sudah biasa) ditinggal tanpa alasan (sudah biasa) penuh luka itu pasti tapi aku tetap bernyanyi,1
Menari,rizky febian, Salahkah bila ku mencinta Salahkah bila semua selalu tentangmu Izinkan agar kusampaikan Kutahu walau kau dengannya  Haruskah terdiam Menahan semua rasa Inginnya kau dengar Apa yang kurasa  Menari bersamaku Temani hingga akhir waktu Jalani bersamaku Kau pasti 'kan bahagia Kutemani dirimu Di setiap perjalanan cinta  Menari bersamaku Temani hingga akhir waktu Jalani bersamaku Tak ada yang selamanya Tapi aku 'kan ada Di setiap perjalanan cinta  Lihatlah diri ini untuk kali ini Tak bisa kumiliki kurelakan semua Kumohon kepadamu Di kehidupan baru Izinkan ku jadi takdirmu  Menari bersamaku Temani hingga akhir waktu Jalani bersamaku Kau pasti 'kan bahagia Kutemani dirimu  Menari bersamaku Temani hingga akhir waktu Jalani bersamaku Tak ada yang selamanya Tapi aku 'kan ada Di setiap perjalanan cinta  Menari bersamaku Temani hingga akhir waktu Jalani bersamaku Di kehidupan baru Izinkan ku jadi takdirmu,1
Kukira Kau Rumah,Amigdala, Kau datang tatkala Sinar senjaku telah redup Dan pamit ketika Purnamaku penuh seutuhnya  Kau yang singgah tapi tak sungguh Kau yang singgah tapi tak sungguh  Kukira kau rumah Nyatanya kau cuma aku sewa Dari tubuh seorang perempuan Yang memintamu untuk pulang  Kau bukan rumah Kau bukan rumah Kau bukan rumah Kau bukan rumah  Kukira kau rumah Nyatanya kau cuma aku sewa Dari tubuh seorang perempuan Yang memintamu untuk pulang  Kau bukan rumah Kau bukan rumah Kau bukan rumah Kau bukan rumah  Kau bukan rumah Kau bukan rumah Kau bukan rumah Kau bukan rumah,1
Sampaikan Sayangku Untuk Dia,Iqbaal Dhiafakhri,ternyata cinta begitu hebatnya bisa merubah benci menjadi cinta ternyata cintamu luar biasa kau merubah benci menjadi cinta  mungkinkah kau juga sama rasa rasakan yang ku rasa haruskah ku ungkap yang ku rasa bahwa sesungguhnya ku cinta dan ku sayang oh malam sampaikan sayangku untuk dia  ternyata cinta begitu hebatnya bisa merubah benci menjadi cinta ternyata cintamu luar biasa kau membuat benciku menjadi cinta  mungkinkah kau juga sama rasa rasakan yang ku rasa haruskah ku ungkap yang ku rasa bahwa sesungguhnya ku cinta (cinta) dan ku sayang (sayang) oh malam (oh malam) sampaikan sayangku untuk dia  hanya dia untuk dia  mungkinkah kau juga sama rasa rasakan yang ku rasa haruskah ku ungkap yang ku rasa bahwa sesungguhnya ku cinta dan ku sayang oh malam (oh malam) sampaikan sayangku untuk dia (untuk dia) sampaikan sayangku untuk dia,1
Rindu Sendiri (Dilan 1990),Iqbaal Ramadhan, Suara motor itu semakin mendekat Kamu abaikan sapanya Dia berupaya mencari senyummu Dengan rayuan yang pelik  Waktu demi waktu ku berlalu Keinginanmu mulai tumbuh  Biar dia merindukanmu sendiri Wo-oo Jangan resah dia pasti pikirkanmu Walau kau tak tahu Hingga di ujung malam  Engkau menyusuri jalan bersamanya Dikala dinginnya senja Hanya berduaan tanpa tahu tujuan Bahkan tidak mau tahu  Namun sudah saatnya untuk pulang Tak ingin kau akhiri hari itu  Biar dia merindukanmu sendiri Wo-oo Jangan resah dia pasti pikirkanmu Walau kau tak tahu Hingga di ujung malam  Biar dia merindukanmu sendiri Wo-oo Jangan resah dia pasti pikirkanmu Walau kau tak tahu Hingga di ujung malam,1
Dia,MALIQ & D'Essentials, Temukan apa arti di balik cerita Hati ini terasa berbunga-bunga Membuatku seperti melayang  Terbuai asmara Adakah satu artikel dibaliknya  Tersipu malu akan sebuah senyuman  Membuat suasana menjadi nyata Begitu indahnya  Dia oh seperti apa yang selalu ku nantikan  Aku ingin  Dia oh melihatku apa adanya  Seakan ku sempurna  Tanpa buai kata tercuri hatiku  Dia tunjukan dengan tulus cintanya Terasa berbeda  Saat bersamanya Aku jatuh cinta  Dia oh seperti apa yang selalu ku nantikan Aku ingin Oh dia (dia dia) melihatku apa adanya Seakan ku sempurna Dia seperti apa yang selalu ku nantikan (aku nantikan) Aku ingin (ku ingin) Dia melihatku apa adanya Seakan ku sempurna Dia membuka pintu hatiku yang lama tak bisa Percayakan cinta hingga dia disini Memberi cinta ku harapan Dia (dia dia) seperti apa yang selalu ku nantikan Aku ingin (ku ingin) Oh dia melihatku apa adanya Seakan ku sempurna Dia (lalalalalala) seperti apa yang ku nantikan Aku ingin Dia dia (lalalalalala) melihatku apa adanya Seakan ku sempurna Heiye Berikan aku cintamu berikan aku cintamu sekarang Jadi ayo cintai aku ayo cintai aku Berikan aku cintamu berikan aku cintamu sekarang Jadi ayo cintai aku ayo cintai aku Berikan aku cintamu berikan aku cintamu sekarang Jadi ayo cintai aku ayo cintai aku Berikan aku cintamu berikan aku cintamu sekarang Jadi ayo cintai aku ayo cintai aku Berikan aku cintamu berikan aku cintamu sekarang Jadi ayo cintai aku ayo cintai aku Berikan aku cintamu berikan aku cintamu sekarang Jadi ayo cintai aku ayo cintai aku Berikan aku cintamu? Berikan aku cintamu sekarang Jadi ayo cintai aku ayo cintai aku,1
Terlalu Sayang,Denda, Tak kan kubiarkan Insan lain mencuri hatimu Terlalu indah dirimu untuk di tinggalkan Kumerasa tenang  bila kau tersenyum Tak akan kubiarkan rasa ini menghilang Aku cinta padamu Terlalu sayang padamu Takkan habis semua kisah cintaku padamu Aku cinta padamu Terlalu merindukanmu 'Kan kuabadikan cinta kita Dalam mata hatimu Ku merasa tenang bila kau tesenyum Tak akan kubiarkan rasa ini menghilang Aku cinta padamu Terlalu sayang padamu Takkan habis semua kisah cintaku padamu Aku cinta padamu Terlalu merindukanmu 'Kan kuabadikan cinta kita Dalam mata hatimu Sungguh kumerasakan cinta yang dalam Yang terisyaratkan dari wajahmu Hadirkan berjuta bahagia yang tericipta dari hatimu Karna kau satu-satunya bintang terindah untukku Oh  yeah Oh  dengarlah Aku cinta padamu Terlalu sayang padamu Takkan habis semua kisah cintaku padamu Aku cinta padamu Terlalu merindukanmu 'Kan kuabadikan cinta kita Dalam mata hatimu (Aku cinta padamu) Terlalu sayang padamu (Terlalu) Takkan habis (Takkan habis) Semua kisah cintaku padamu (Cintaku padamu) Aku cinta padamu Terlalu merindukanmu 'Kan kuabadikan cinta kita Dalam mata hatimu,1
Cahaya,Tulus, Ratusan hari 'ku mengenalmu Ratusan alasan kamu berharga Ratusan hari 'ku bersamamu Ratusan alasan kamu cahaya  Semampuku Kau akrab dengan senyum dan tawa Semampuku Tak lagi perlu kau takut cinta  Bila aku pegang kendali penuh pada cahaya Aku pastikan jalanmu terang Bila aku pegang kendali penuh pada cahaya Aku pastikan jalanmu terang  Tak mudah lagi sendu mengganggu Kau tahu cara buatku tertawa Tak mudah kusut dalam kemelut Kau tahu cara mengurai semua  Bila aku pegang kendali penuh pada cahaya Aku pastikan jalanmu terang Bila aku pegang kendali penuh pada cahaya Aku pastikan jalanmu terang  Duhai cahaya terima aku Aku ingin kau lihat yang kau punya Aku ingin kau kembali bisa Percaya pada diri dan mampumu,1
Call You Mine,Jeff Bernat, Biar saya jelaskan  penglihatan di otak saya Tutup kelopak mataku dan sampai jumpa  lalu mataku tegang Lalu migrain  saat aku melantunkan melodiku Saya menghabiskan minggu ini seperti nama saya Jake Sully Saya bisa menjadi anak-anak dan Anda bisa menjadi karate Anda bisa menjadi Angie saya dan saya bisa menjadi Brad Pitt Anda Penuhi aku seperti secangkir yang dituangkan ke dalam kopi Saya tidak keberatan hanya mengetahui bahwa Anda menangkap saya Belum lama ini  aku terbangun dengan perasaan sedih (Jadi aku) Mengambil teleponku dan kuputuskan untuk menghubungimu (Kalau begitu) Kita ngobrol sebentar  tanyakan padaku apakah aku bisa melanjutkannya (Jadi kita) Bertemu  mencari makanan  dan kami menghabiskan waktu hingga malam usai (Bolehkah aku) memanggilmu milikku  dan bolehkah aku memanggilmu kekasihku Panggil kamu satu-satunya gadisku (Bolehkah aku) menyebutmu segalanya bagiku  memanggilmu sayangku Hanya kamu yang mengendalikan duniaku (Bolehkah aku) memanggilmu milikku  dan bolehkah aku memanggilmu kekasihku Panggil kamu satu-satunya gadisku (Bolehkah aku) menyebutmu segalanya bagiku  memanggilmu sayangku Hanya kamu yang mengendalikan duniaku Aku ingat malam ini yang kita alami  di luar  di atas rumput  kita berdua (kita dulu) Menatap bintang-bintang yang tersenyum saat mataku hanya tertuju padamu (aku tahu) Tidak ada orang lain yang kubutuhkan dan cintaku tidak pernah terasa seperti ini (Saya tidak) Terlalu yakin apakah Anda keberatan. Saya gugup tetapi saya harus mengatakannya (Bolehkah aku) memanggilmu milikku  dan bolehkah aku memanggilmu kekasihku Panggil kamu satu-satunya gadisku (Bolehkah aku) menyebutmu segalanya bagiku  memanggilmu sayangku Hanya kamu yang mengendalikan duniaku Gadis bisakah aku  memanggilmu milikku  kamu dan aku  dengan bahagia  di sisiku Sepanjang siang dan malam  biarlah diketahui  bahwa kamu adalah milikku Gadis bisakah aku  memanggilmu milikku  kamu dan aku  dengan bahagia  di sisiku Sepanjang siang dan malam  biarlah diketahui  bahwa kamu adalah milikku (Bolehkah aku) memanggilmu milikku  dan bolehkah aku memanggilmu kekasihku Panggil kamu satu-satunya gadisku (Bolehkah aku) menyebutmu segalanya bagiku  memanggilmu sayangku Hanya kamu yang mengendalikan duniaku,1
Pura-pura Cinta,Cherrybelle, ku rasakan ada yang berbeda saat dia tak di sini duh aku bingung jadinya setiap kali ku pejamkan mataku selalu ada dia ku makin bingung jadinya  tak ku sangka jadi begini akhirnya semoga dia tak sadar  malu-malu hatiku  awalnya ku pura-pura lama-lama ku jadi suka oh Tuhan inikah yang namanya cinta tadinya biasa saja sekarang ku benar-benar cinta ku harap ini sebentar saja  ku rasakan ada yang berbeda saat dia tak di sini duh aku bingung jadinya setiap kali ku pejamkan mataku selalu ada dia ku makin bingung jadinya  o ow tak ku sangka jadi begini akhirnya semoga dia tak sadar  malu-malu hatiku  awalnya ku pura-pura lama-lama ku jadi suka oh Tuhan inikah yang namanya cinta tadinya biasa saja sekarang ku benar-benar cinta ku harap ini sebentar saja  awalnya ku pura-pura lama-lama ku jadi suka oh Tuhan inikah yang namanya cinta tadinya biasa saja sekarang ku benar-benar cinta ku harap ini sebentar saja  sebentar saja  sebentar saja sebentar saja  sebentar saja,1
Bukan Salah Jodoh,Adriansyah Martin, Kulihat senyum manismu Ada cinta yang kurasa  menyapa hati ini Tak ingin kumenunggu Jadikanlah aku  oh cinta  kekasih pilihan di hatimu Kupercaya dirimu satu cintaku  Tuhan tolong aku katakan padanya Aku cinta dia  bukan salah jodoh Dia untuk aku  bukan yang lainnya Satu yang kurasa  pasti bukan salah jodoh  Bila cinta t'lah bicara Takkan ragu hati ini mendekat kepadamu Tak ingin kumenunggu Jadikanlah aku oh cinta  kekasih pilihan di hatimu Kupercaya dirimu satu cintaku  Tuhan tolong aku katakan padanya Aku cinta dia  bukan salah jodoh Dia untuk aku  bukan yang lainnya Satu yang kurasa  bukan salah jodoh  Cinta  janganlah cepat berlalu Di sini temani hari-hariku Berdua  Jalani kisah bersama Hanya ada aku  kamu  kita  (Oh Tuhan  Tuhan  tolong aku) (Katakan padanya aku cinta)  Tuhan tolong aku katakan padanya Aku cinta dia  bukan salah jodoh Dia untuk aku  bukan yang lainnya Satu yang kurasa  bukan salah jodoh  Tuhan tolong aku katakan padanya Aku cinta dia  bukan salah jodoh Dia untuk aku  bukan yang lainnya Satu yang kurasa  pasti bukan salah jodoh,1
Rayu,Laleilmanino dan Marion Jola, Bukan ku tak tersipu Bukan ku tak butuh kata-kata Tapi ku meragu Apa kau anggap cinta ini berbeda?  Meskipun t'lah sempurna Cintamu bagai mimpi yang nyata Kuingin hatiku Bertekuk lutut tak berdaya Terbunuh rayumu  Katakanlah Buatku membatu Tenang  ku diam membisu Jangan  buatku berpaling  Mencari cinta yang lain Oh  pecahkan sunyimu Meski  kucinta kau dalam hening Kubutuh kata-kata Bunuhku dengan kata rayumu  Kuingin engkau tahu Bukan hatiku tak cinta kamu Di dalam hatiku Kuucap indah manis cintaku Tanpa ku berkata  Katakanlah Buatku membatu Tenang  ku diam membisu Jangan  buat kuberpaling Mencari cinta yang lain  Oh  pecahkan sunyimu Meski  kucinta kau dalam hening Kubutuh kata-kata Bunuhku dengan kata rayumu  Katakanlah Buat ku membatu Tenang  ku diam membisu Jangan  buat ku berpaling  Mencari yang lain Oh  pecahkan sunyimu Meski  kucinta kau dalam hening  Katakanlah Buatku membatu Tenang  ku diam membisu Jangan  buat ku berpaling  Mencari cinta yang lain Oh  pecahkan sunyimu Meski  kucinta kau dalam hening  Katakanlah Buat ku membatu Tenang  ku diam membisu Jangan  buat ku berpaling Cinta  Katakanlah Buat ku membatu Tenang  ku diam membisu Jangan  buat ku berpaling cinta,1
Lebih Indah,Adera, Saat ku tenggelam dalam sendu Waktu pun enggan untuk berlalu Ku berjanji 'tuk menutup pintu hatiku Entah untuk siapa pun itu  Semakin kulihat masa lalu Semakin hatiku tak menentu Tetapi satu sinar terangi jiwaku Saat ku melihat senyummu  Dan kau hadir merubah segalanya Menjadi lebih indah Kau bawa cintaku setinggi angkasa Membuatku merasa sempurna  Dan membuatku utuh 'Tuk menjalani hidup Berdua denganmu selama-lamanya Kaulah yang terbaik untukku  (Untukku) Hu-uh-uh-uh (Untukku)  Kini ku ingin hentikan waktu Bila kau berada di dekatku (di dekatku) Bunga cinta bermekaran dalam jiwaku 'Kan kupetik satu untukmu  Dan kau hadir merubah segalanya (segalanya) Menjadi lebih indah Kau bawa cintaku setinggi angkasa Membuatku merasa sempurna  Dan membuatku utuh (membuatku utuh) 'Tuk menjalani hidup Berdua denganmu selama-lamanya Kaulah yang terbaik untukku  Kupercayakan Seluruh hatiku padamu (padamu) Kasihku  satu janjiku Kaulah yang terakhir bagiku Ho-oh-ho-ho-uh  Uh  dan kau hadir merubah segalanya (Menjadi lebih indah) Uh  lebih indah (Kau bawa cintaku) Kau bawa cintaku (setinggi angkasa) (Membuatku merasa sempurna)  (Dan membuatku utuh) Oh  membuatku utuh ('Tuk menjalani hidup) Berdua denganmu selama-lamanya Kaulah yang terbaik untukku  (Kaulah yang terbaik untukku) Yang terbaik untukku Hu-hu-hu  hey  yeah Hey  yeah  hey,1
Beautiful Day,Coldiac, Ini hari yang indah  kenapa kamu begitu biru? Hei  sudah terlalu lama kamu menutup hatimu Ya  aku tahu itu benar  terkadang cinta bisa menyakitkan Jadi beri waktu  suatu hari kamu akan baik-baik saja  Ini hari yang indah  kenapa kamu masih cemberut? Hei  itu sudah terlalu lama Untuk merenungkan tentang Bagaimana menghadapi patah hatimu lagi Sampai kamu tidak bisa merasakan cintanya  Oh ketika matahari muncul setelah hujan Anda akan hidup kembali Merasakan cinta lagi Cinta terkadang tidak terlihat Apa yang Anda lihat di layar Tidak selalu seperti yang terlihat  Ini hari yang indah  mari kita rayakan Hei  sudah lama sekali Sejak terakhir kali kamu membiarkan burung berkicau dan terbang disekitarmu Untuk membuatmu percaya bahwa kamu juga bisa terbang  Sebab ketika matahari muncul setelah hujan Anda akan hidup kembali Merasakan cinta lagi Cinta terkadang tidak terlihat Apa yang Anda lihat di layar Tidak selalu seperti yang terlihat  (Karena aaa aaaaa) Ini hari yang indah  mari kita rayakan (Kamu akan hidup kembali  merasakan cinta lagi) (Kamu akan hidup kembali  oh merasakan cinta lagi) Ini hari yang indah  mari kita rayakan (Tidak selalu seperti yang terlihat) (Untuk membuatmu percaya bahwa kamu juga bisa terbang),1
1000 Tahun Lamanya,Tulus, Bila kau sanggup untuk melupakan dia Biarkan aku hadir dan menata Ruang hati yang telah tertutup lama  Jika kau masih ragu untuk menerima Biarkan hati kecilmu bicara Karena ku yakin kan datang saatnya  Kau jadi bagian hidupku Kau jadi bagian hidupku  Takkan pernah berhenti untuk selalu percaya Walau harus menunggu seribu tahun lamanya Biarkanlah terjadi wajar apa adanya Walau harus menunggu seribu tahun lamanya  Jika kau masih ragu untuk menerima Biarkan hati kecilmu bicara Karena ku yakin kan datang saatnya  Kau jadi bagian hidupku Kau jadi bagian hidupku  Takkan pernah berhenti untuk selalu percaya Walau harus menunggu seribu tahun lamanya Biarkanlah terjadi wajar apa adanya Walau harus menunggu seribu tahun lamanya  Selama apapun itu Ku akan setia menunggu Takkan pernah berhenti untuk selalu percaya Walau harus menunggu... Takkan pernah berhenti untuk selalu percaya Walau harus menunggu seribu tahun lamanya Biarkanlah terjadi wajar apa adanya Walau harus menunggu seribu tahun lamanya,1
Jatuh Hati,Raisa, Ada ruang hatiku yang kautemukan Sempat aku lupakan kini kausentuh Aku bukan jatuh cinta Namun aku jatuh hati  Ku terpikat pada tuturmu Aku tersihir jiwamu Terkagum pada pandangmu Caramu melihat dunia  Kuharap kautahu bahwa ku Terinspirasi hatimu Ku tak harus memilikimu Tapi bolehkah ku s'lalu di dekatmu?  Ada ruang hatiku kini kausentuh Aku bukan jatuh cinta Namun aku jatuh hati  Ku terpikat pada tuturmu Aku tersihir jiwamu Terkagum pada pandangmu Caramu melihat dunia  Kuharap kautahu bahwa ku Terinspirasi hatimu Ku tak harus memilikimu Tapi bolehkah ku s'lalu di dekatmu?  Katanya cinta Memang banyak bentuknya Kutahu pasti Sungguh aku jatuh hati  Ku terpikat pada tuturmu Aku tersihir jiwamu Terkagum pada pandangmu Caramu melihat dunia  Kuharap kautahu bahwa ku Terinspirasi hatimu Ku tak harus memilikimu Tapi bolehkah ku selalu di dekatmu? Tapi bolehkah ku s'lalu di dekatmu?,1
Wajahmu Mengalihkan Duniaku,Afgan, Ketika kau lewat di Bumi  tempat ku berdiri Kedua mata ini Tak berkedip menatapi  Pesona indah wajahmu Mampu mengalihkan duniaku Tak henti membayangkanmu Terganggu oleh cantikmu  Tujuh hari dalam seminggu Hidup penuh warna Ku selalu mendekatimu Memberi tanda cinta  Engkau wanita tercantikku Yang pernah kutemukan Wajahmu mengalihkan Duniaku  He-yeah-yeah  hi-hi Pesonamu Dan wajahmu Mengalihkanku  Pesona indah wajahmu Mampu mengalihkan duniaku Tak henti membayangkanmu Terganggu oleh cantikmu  Tujuh hari dalam seminggu Hidup penuh warna Ku selalu mendekatimu Memberi tanda cinta  Engkau wanita tercantikku Yang pernah kutemukan Wajahmu mengalihkan Duniaku  (Tujuh hari dalam seminggu) Hidupku penuh warna Ku selalu mendekatimu Memberi tanda cinta  ho-oh-uh  (Engkau wanita tercantikku) Yang pernah kutemukan Wajahmu mengalihkan Duniaku  Duniaku  oh-oh Duniaku,1
Fall In Love Alone,Stacey Ryan, Saya kenal dengan bertepuk sebelah tangan Aku tahu kamu punya hati yang ragu-ragu seperti milikku Dibutuhkan waktu yang manis Aku sudah mencoba menyelam ke kedalaman yang paling dalam Karena aku sebenarnya tidak ingin kehilangan teman baik  tapi mungkin saja Temukan sesuatu yang ilahi  Itu listrik setiap kali kita menyentuhnya Aku sudah hidup untuk kesibukan ini Namun terkadang itu berlebihan  Jika kita tidak pernah mencoba Bagaimana kita tahu? Sayang  seberapa jauh hal ini bisa berjalan Berikan aku pertanda Jika aku ada di pikiranmu Aku tidak ingin jatuh cinta sendirian  Aku harap aku bisa mengetahui apa yang kamu pikirkan. Aku benci kalau aku terpeleset ketika aku sedang minum  tapi oh  baiklah Saya tidak bisa menahan diri Aku benar-benar bosan dengan hal ini yang bolak-balik Mengapa kita tidak menyerah saja pada kekuatan pendorong ini  maksudku Ada sesuatu di antara kita  Itu listrik setiap kali kita menyentuhnya Aku sudah hidup untuk kesibukan ini Namun terkadang itu berlebihan  Jika kita tidak pernah mencoba Bagaimana kita tahu? Sayang  seberapa jauh hal ini bisa berjalan Berikan aku pertanda Jika saya ada di pikiran Anda (apakah Anda keberatan dengan kursi di pikiran saya?) Aku tidak ingin jatuh cinta sendirian (Aku tidak ingin jatuh cinta sendirian)  Jika kita tidak pernah mencoba (saya tidak ingin jatuh cinta sendirian) Bagaimana kita tahu? (Oh ya) Sayang  seberapa jauh hal ini bisa berjalan (sejauh mana hal ini akan berjalan) Beri aku tanda (beri aku tanda  tanda) Jika aku ada di pikiranmu Aku tidak ingin jatuh cinta sendirian Ooh...  Jatuh  aku tidak ingin jatuh Aku tidak ingin jatuh cinta sendirian (duduklah di sini  Nak  di sini  di sampingku) Jatuh  aku tidak ingin jatuh (di sampingku  di sampingku) Aku tidak ingin jatuh cinta sendirian (Aku tidak ingin hidup tanpamu  sayang  lagi) Jatuh  aku tidak ingin jatuh (lagi) Aku tidak ingin jatuh cinta sendirian (A-A-Aku tidak bisa sendirian)  Jatuh  aku tidak ingin jatuh Aku tidak ingin jatuh cinta sendirian,1
Jadi Kekasihku Saja,Keisya Levronka, Tiba-tiba aku jatuh cinta Diam-diam kau pun juga cinta Kita berdua belum punya kekasih Saling mendekati  Perasaan tak bisa berdusta Bahagia terasa sempurna Kita berdua belum punya kekasih Tunggu apa lagi  Katakan cinta bila kau cinta Hati ini meminta Kau lebih dari teman berbagi Jadi kekasihku saja (Dari teman jadi kekasihku saja)  Perasaan tak bisa berdusta Bahagia terasa sempurna Kita berdua belum punya kekasih Tunggu apa lagi (Apa lagi)  Katakan cinta bila kau cinta Hati ini meminta Kau lebih dari teman berbagi Jadi kekasihku saja  Cinta katakan cinta Hati ini meminta Kau lebih dari teman berbagi Jadilah kekasihku  Katakan (Cinta bila kau) Cinta Hati ini meminta Kau lebih dari teman berbagi Jadi kekasihku saja  Cinta katakan cinta Hati ini meminta Kau lebih dari teman berbagi Jadi kekasihku saja  Jadi kekasihku saja Jadi kekasihku saja,1
Anything You Want,Reality Club, Jejak asap terperangkap dua demi dua Menyia-nyiakan malam terasa pas saat aku bersamamu Itu adalah kilauan di matamu Dan caramu melepaskan penyamaranmu  Aku merasa sudah mengenalmu sejak lama Aku merasa seperti bersamamu  aku pergi ke berbagai tempat Ah-ah-ah Ah-ah-ah  Lagu yang sama diulang-ulang Anda dapat memanggil saya apa pun yang Anda inginkan Tidak masalah bagiku Nomor dua dari tiga Dia bilang itu favoritnya dan saya tidak bisa tidak setuju  Kami membicarakan segalanya Yang penting dan biasa-biasa saja Anda tahu  saya pikir Anda tahu segalanya Namun malam masih muda dan masih banyak hal yang bisa diperoleh  Aku merasa sudah mengenalmu sejak lama Aku merasa seperti bersamamu  aku pergi ke berbagai tempat Ah-ah-ah Ah-ah-ah  Lagu yang sama diulang-ulang Anda dapat memanggil saya apa pun yang Anda inginkan Tidak masalah bagiku Nomor dua dari tiga Dia bilang itu favoritnya dan saya tidak bisa tidak setuju  Lagu yang sama diulang-ulang Anda dapat memanggil saya apa pun yang Anda inginkan Tidak masalah bagiku Nomor dua dari tiga Dia bilang itu favoritnya dan saya tidak bisa tidak setuju  Lagu yang sama diulang-ulang Anda dapat memanggil saya apa pun yang Anda inginkan,1
Kala Cinta Menggoda,Chrisye, Sejak jumpa kita pertama Kulangsung jatuh cinta Walau kutahu kau ada pemiliknya Tapi ku tak dapat membohongi hati nurani  Ku tak dapat menghindari gejolak cinta ini  Maka ijinkanlah aku mencintaimu Atau bolehkanlah ku sekedar sayang padamu  Maka ijinkanlah aku mencintaimu Atau bolehkanlah ku sekedar sayang padamu  Memang serba salah rasanya Tertusuk panah cinta Apalagi aku juga da pemiliknya Tapi ku tak mampu membohongi hati nurani  Ku tak mampu menghindari gejolak cinta ini  Maka maafkanlah jika ku mencintaimu Atau biarkan ku mengharap kau sayang padaku  Maka maafkanlah jika ku mencintaimu Atau biarkan ku mengharap kau sayang padaku,1
Saat Bahagia,Ungu, Saat bahagiaku Duduk berdua denganmu Hanyalah bersamamu  hm-mm  Mungkin aku terlanjur Tak sanggup jauh dari dirimu Ku ingin engkau s'lalu  'Tuk jadi milikku Ku ingin engkau mampu Ku ingin engkau selalu bisa Temani diriku Sampai akhir hayatmu Meskipun itu hanya terucap  Dari mulutmu  uh-uh Dari dirimu yang terlanjur mampu Bahagiakan aku Hingga ujung waktuku selalu  Seribu jalan pun kunanti Bila berdua dengan dirimu Melangkah bersamamu  wu-wu-wu-wu-wu-wu-wu-wu  Ku yakin tak ada satu pun Yang mampu merubah rasaku untukmu Ku ingin engkau s'lalu  'Tuk jadi milikku Ku ingin engkau mampu Ku ingin engkau selalu bisa Temani diriku Sampai akhir hayatmu Meskipun itu hanya terucap  Dari mulutmu  uh-uh Dari dirimu yang terlanjur mampu Bahagiakan aku Hingga ujung waktuku selalu  Mungkin aku terlanjur (mungkin aku) Tak sanggup jauh dari dirimu Ku ingin engkau s'lalu (hu-uh)  'Tuk jadi milikku Ku ingin engkau mampu Ku ingin engkau selalu bisa Temani diriku Sampai akhir hayatmu Meskipun itu hanya terucap  Dari mulutmu  uh-uh Dari dirimu Yang terlanjur mampu bahagiakan aku Hingga ujung waktuku selalu  Hu-uh Ho-wo-ho-oh Ho-oh-oh Ho-ah-ha-ah,1
Come Inside of My Heart,IV Of Spades, Aku mencintaimu Tapi aku tidak benar-benar menunjukkannya padamu aku akan meneleponmu Tapi hanya jika kamu menginginkanku juga  Oh  jangan biarkan itu berhenti Oh aku tidak akan membiarkan itu terjadi sayang Saya tidak akan pernah berhenti Tapi hanya jika kamu mendengarkanku  Masuklah ke dalam hatiku Jika Anda sedang mencari jawaban Lihatlah bintang-bintang Lakukan sedikit lebih cepat Ooh ooh ooh  Masuklah ke dalam hatiku Jika Anda sedang mencari jawaban Lihatlah bintang-bintang Lakukan sedikit lebih cepat Ooh ooh ooh  Oh sayang Maafkan aku jika aku menyakitimu Ayo selamatkan aku Karena kamu satu-satunya untukku  Oh  jangan biarkan itu berhenti Oh aku tidak akan membiarkan itu terjadi sayang Saya tidak akan pernah berhenti Tapi hanya jika kamu mendengarkanku  Masuklah ke dalam hatiku Jika Anda sedang mencari jawaban Lihatlah bintang-bintang Lakukan sedikit lebih cepat Ooh ooh ooh  Masuklah ke dalam hatiku Jika Anda sedang mencari jawaban Lihatlah bintang-bintang Lakukan sedikit lebih cepat Ooh ooh  Apapun yang terjadi padaku sayang saya minta maaf Tidak ada seorang pun yang bisa mengikuti keinginanku  Aku mencintaimu tapi aku tidak benar-benar menunjukkannya padamu  Masuklah ke dalam hatiku Jika Anda sedang mencari jawaban Lihatlah bintang-bintang Lakukan sedikit lebih cepat Ooh ooh ooh (Masuklah ke dalam hatiku)  Masuklah ke dalam hatiku Jika Anda sedang mencari jawaban Lihatlah bintang-bintang Lakukan sedikit lebih cepat Ooh ooh ooh,1
Semenjak Ada Dirimu,Andity, Lagu ini untukmu Anda sebaiknya mendengarkan Ho-ho-ho Tak pernah kuduga Semuanya berubah Saat kau memandangku Bergetar hati ini Kau berikan harapan tentang  ho-oh Warna-warni hariku Semenjak ada dirimu Dunia terasa indahnya Semenjak kau ada di sini Ku mampu melupakannya Kini aku tak sabar Ingin hati kau untukku Nyatakanlah aku Janji indah yang kutunggu Semua kini t'lah bersinar lagi  ho-oh Takkan kuingat dia Semenjak ada dirimu Dunia terasa indahnya Semenjak kau ada di sini Ku mampu melupakannya Semenjak ada dirimu Semua terasa indahnya Semenjak kau ada di sini Tak ingin melepaskanmu Dimana kamu  oh Kapan aku membutuhkanmu? Sekarang aku telah menemukan seseorang yang baru Sayang  aku pergi Kau berikan harapan tentang Warna-warni hariku Warna-warni hariku Semenjak ada dirimu (ada dirimu) Dunia terasa indahnya Semenjak kau ada di sini Ku mampu melupakannya Semenjak ada dirimu Semua terasa indahnya Semenjak kau ada di sini Tak ingin melepaskanmu Na-na-na-na-na-na-na-na Nanananana Nanananana (Semenjak kau ada di sini) Na-na-na-na-na-na-na-na-na-na-na  katakanlah! Ku mampu melupakannya (Semenjak ada dirimu) Na-na  na-na-na-na (Semua terasa indahnya) Semenjak kau ada di sini  katakan! Tak ingin melepaskanmu Na-na-na  na-na-na  na-na-na Na-na-na-na-na-na-na (Semenjak kau ada di sini) Na-na-na-na-na-na (Ku mampu melupakannya) Na-na  na-na-na-na,1
Sesaat Kau Hadir,Gery Gany, Engkau datang Ketika aku jatuh  bangun  dan jatuh Dalam langkah menyusuri kehidupanku yang kelam Dan hampir-hampir ku tak dapat melangkah lagi Dirimu hadir Bagaikan sinar menerangi jalanku Kautunjukkan arah mana yang kini harus kutempuh Agar diriku tak sesat lagi seperti dulu Bersama bayanganmu  Kasih Seakan-akan ku terjaga dari mimpi-mimpi Dari kehidupan yang semu dan melenakanku Membuatku terlupa akan segala-galanya Hari ini  hari ini Aku mencoba berdiri dan melangkah lagi Bila esok sinar mentari pagi 'kan bersinar lagi Aku 'kan menuju cita-cita yang pasti Oh  dirimu hadir Bagaikan sinar menerangi jalanku Kautunjukkan arah mana yang kini harus kutempuh Agar diriku tak sesat lagi seperti dulu Bersama bayanganmu  Kasih Seakan-akan ku terjaga dari mimpi-mimpi Dari kehidupan yang semu dan melenakanku Membuatku terlupa akan segala-galanya Hari ini  hari ini Aku mencoba berdiri dan melangkah lagi Bila esok sinar mentari pagi 'kan bersinar lagi Aku 'kan menuju cita-cita yang pasti,1
Senja Teduh Pelita,MALIQ & D'Essentials, Kita duduk di taman Bunganya bermekaran Saling sapa beri pujian Kita menatap awan Mendekat meneduhkan Memayungi hati yang senang Kita menunjuk bintang Mereka pun berjatuhan Menyambut merayakan Dunia di kala senja teduh pelita Bertemu dalam ruang rindunya Langit biru jadi jingga Bawa pesan untuk kita Silakan bersatu Dunia merestu Kita di bawah hujan Langit tetap benderang Pelangi pun datang menjelang Kita merayu malam Jangan sedih tenggelam Bulan sabit beri senyuman Kita meminta waktu Satu hari berhenti Satu masa dia memberi Dunia di kala senja teduh pelita Bertemu dalam ruang rindunya Langit biru jadi jingga Bawa pesan untuk kita Silakan bersatu Dunia membawa restunya  restunya Inilah waktu untuk bilang cinta Bolehkan aku bilang cinta Bolehkan aku bilang cinta Bolehkan aku bilang Kuingin bersatu Kaulah pelita Kala merindu Dunia di kala senja teduh pelita Bertemu dalam ruang rindunya Langit biru jadi jingga Bawa pesan untuk kita Kaulah dunia Kala merindu Kaulah pelita Kaulah dunia Kala merindu Kaulah pelita Senja teduh pelita Senja teduh pelita Senja teduh pelita,1
Teman Hidup,Tulus, Dia indah peretas gundah Dia yang selama ini ku nanti Pembawa sejuk  pemanja rasa Dia yang selalu ada untukku  Di dekatnya aku lebih tenang Bersamanya jalan lebih terang  Tetaplah bersamaku jadi teman hidupku Berdua kita hadapi dunia Kau milikku ku milikmu kita satukan tuju Bersama arungi derasnya waktu  Kau milikku  ku milikmu Kau milikku  ku milikmu  Di dekatnya aku lebih tenang Bersamanya jalan lebih terang  Tetaplah bersamaku jadi teman hidupku Berdua kita hadapi dunia Kau milikku ku milikmu kita satukan tuju Bersama arungi derasnya waktu  Bila di depan nanti Banyak cobaan untuk kisah cinta kita Jangan cepat menyerah Kau punya aku  ku punya kamu  selamanya akan begitu  Tetaplah bersamaku jadi teman hidupku Berdua kita hadapi dunia Kau milikku ku milikmu kita satukan tuju Bersama arungi derasnya waktu  Kau milikku  ku milikmu Kau jiwa yang selalu aku puja,1
Hanya Kamu Yang Bisa,Tiket, Tanpa terasa kau curi hatiku Dengan berbeda caramu menaklukkan hati kecilku Berjuta rayuan yang pernah 'ku rasa Namun tak pernah tersentuh  tak ada yang mengesankanku Tapi semua berbeda saat kau ada di sini Mempesonakan aku selalu Hanya kamu yang bisa membuat aku jadi tergila-gila Membuat aku jatuh cinta Karena tak ada yang lain sepertimu Berkali 'ku mencoba berpaling dengan makhluk indah lainnya Namun tak pernah 'ku rasakan Bila seindah bercinta 'ku denganmu Tapi semua berbeda saat kau ada di sini Mempesonakan aku selalu Hanya kamu yang bisa membuat aku jadi tergila-gila Membuat aku jatuh cinta Karena tak ada yang lain sepertimu Berkali 'ku mencoba berpaling dengan makhluk indah lainnya Namun tak pernah 'ku rasakan Bila seindah bercinta 'ku denganmu Hanya kamu yang bisa membuat aku jadi tergila-gila Membuat aku jatuh cinta Karena tak ada yang lain sepertimu Berkali 'ku mencoba berpaling dengan makhluk indah lainnya Namun tak pernah 'ku rasakan Bila seindah bercinta 'ku denganmu,1
Komang,Raim Laode, Dari kejauhan  tergambar cerita tentang kita Terpisah jarak dan waktu Ingin kuungkapkan rindu lewat kata indah Tak cukup untuk dirimu Sebab kau terlalu indah dari sekedar kata Dunia berhenti sejenak menikmati indahmu Dan apabila tak bersamamu Kupastikan kujalani dunia tak seindah kemarin Sederhana  tertawamu sudah cukup Lengkapi sempurnanya hidup bersamamu Jika hari kulalui tanpa hawamu Percuma senyumku dengan dia  oh Dan apabila tak bersamamu Kupastikan kujalani dunia tak seindah kemarin Sederhana  tertawamu sudah cukup Lengkapi sempurnanya hidup bersamamu Apabila tak bersamamu Kupastikan kujalani dunia tak seindah kemarin Sederhana  tertawamu sudah cukup Lengkapi sempurnanya hidup bersamamu Hu-uh-uh Hu  hu-uh-uh Sebab kau terlalu indah dari sekedar kata Dunia berhenti sejenak menikmati indahmu,1
Kamu,Coboy Junior, Kamu buat aku tersipu Buat ku malu-malu Saat bersamamu Saat kusapa dirimu Aku  kok merinding buluku? Kok jadi gugup aku? Saat bersamamu Saat kau senyum padaku Mungkin inilah rasanya Rasa suka pada dirinya Sejak pertama aku bertanya Facebook-mu apa? Nomormu berapa? Mungkin inilah rasanya Cinta pada pandang pertama Senyuman manismu itu buat aku Dag-dig-dug melulu Nanti aku follow Twitter-mu 'Kan kutunggu re-tweet-mu Agar aku tahu Sukakah kamu kepadaku? Mungkin inilah rasanya Rasa suka pada dirinya Sejak pertama aku bertanya Facebook-mu apa? Nomormu berapa? Mungkin inilah rasanya Cinta pada pandang pertama Senyuman manismu itu buat aku Dag-dig-dug melulu Yeah  cuma kamu  cuma kamu yang bisa membuatku Tidur tak tentu  memikirkanmu  pujaan hati  oh  kamu cantik sekali Tuhan  aku hanya ingin dia tahu Kamu lucu  kamu sangat lucu Mungkin inilah rasanya (inilah rasanya) Rasa suka pada dirinya Sejak pertama (sejak ku bertanya) aku bertanya Facebook-mu apa? Nomormu berapa? Nomormu berapa? Mungkin inilah rasanya Cinta pada pandang pertama Senyuman manismu itu buat aku Dag-dig-dug melulu Mungkin inilah rasanya (inilah rasanya  oh) Rasa suka pada dirinya Sejak pertama (sejak pertama) aku bertanya (Aku melihat senyumanmu  lirikanmu) Facebook-mu apa? (Begitu cantiknya kamu) Nomormu berapa? Mungkin (oh  mungkinkah ini) inilah rasanya (Yang kurasa? Oh) Cinta pada pandang pertama Senyuman manismu (senyumanmu) itu buat aku (membuatku) Dag-dig-dug melulu Kamu  kamu  kamu  kamu  kamu Kamu  kamu  kamu Kamu  kamu  kamu  kamu  kamu Kamu  kamu  kamu,1
Seberapa Pantas,Sheila On 7,Seberapa pantaskah kau untuk kutunggu? Cukup indahkah dirimu untuk s'lalu kunantikan? Mampukah kau hadir dalam setiap mimpi burukku? Mampukah kita bertahan di saat kita jauh? Seberapa hebatkah untuk kubanggakan? Cukup tangguhkah dirimu untuk s'lalu kuandalkan? Mampukah kau bertahan dengan hidupku yang malang? Sanggupkah kau meyakinkan di saat aku bimbang? Celakanya  hanya kaulah yang benar-benar aku tunggu Hanya kaulah yang benar-benar memahamiku Kau pergi dan hilang  ke mana pun kau suka Celakanya  hanya kaulah yang pantas untuk kubanggakan Hanya kaulah yang sanggup untuk aku andalkan Di antara pedih  aku s'lalu menantimu Seberapa hebatkah untuk kubanggakan? Cukup tangguhkah dirimu untuk selalu kuandalkan? Mampukah kau bertahan dengan hidupku yang malang? Sanggupkah kau meyakinkan di saat aku bimbang? Ah-ah-ah (ah-ah-ah) Ah-ah-ah (ah-ah-ah) Mungkin kini kau t'lah menghilang tanpa jejak Mengubur semua indah kenangan Tapi aku s'lalu menunggumu di sini Bila saja kau berubah pikiran Ho-oh-oh Ho-oh-oh He-eh Celakanya  hanya kaulah yang benar-benar aku tunggu Hanya kaulah yang benar-benar memahamiku Kau pergi dan hilang  ke mana pun kau suka Celakanya  hanya kaulah yang pantas untuk kubanggakan Hanya kaulah yang sanggup untuk aku andalkan Di antara pedih  aku s'lalu menantimu Oh-ah-ah Oh-ah-ah Oh-ah-ah Oh-ah-ah,1
Berdua Lebih Baik,Acha Septriasa, lihat awan di sana berarak mengikuti pasti dia pun tahu  ingin aku lewati lembah hidup yg tak indah namun harus ku jalani  berdua denganmu pasti lebih baik aku yakin itu  bila sendiri hati bagai langit berselimut kabut  berdua denganmu  lihat awan di sana berarak mengikuti pasti dia pun tahu  ingin aku lewati lembah hidup yg tak indah namun harus ku jalani  lihatlah awan di sana berarak mengikuti pasti dia pun tahu  ingin aku lewati lembah hidup yg tak indah namun harus ku jalani,1
Langit Favorit,Luthfi Aulia, Binar di matamu Kembali luluhkan hatiku untuk jagamu Merangkai kembali Alur kisah yang telah lalu dan terkubur kecewa Mungkinkah berakhir bahagia? Jalani cerita bersama Tatap kedua mataku Hapuskan ragu  labuhkan hatimu Mungkin tak selalu biru Namun  bersamamu  langitku tak lagi sendu Mungkinkah berakhir (bahagia?) Jalani cerita bersamamu (Tatap kedua mataku) tatap kedua mataku (Hapuskan ragu) labuhkan hatimu Mungkin tak selalu biru Namun  bersamamu  langitku tak lagi sendu (Tatap kedua mataku  hapuskan ragu  labuhkan hatimu) Kamu langit favoritku Mungkin tak selalu biru Namun  bersamamu  langitku tak lagi sendu Namun  bersamamu  langitku Sejauh inilah dirimu Langit favoritku,1
Indah Cintaku,Vanessa Angel, ku ingin kau tahu  aku ingin kau selalu dekat denganmu setiap hariku sudahkah kau yakin untuk mencintaiku ku ingin hanya satu tuk selamanya  ku tak melihat dari sisi sempurnamu tak peduli kelemahanmu yang ada aku jatuh cinta karena hatimu  cintaku tak pernah memandang siapa kamu tak pernah menginginkan kamu lebih dari apa adanya dirimu selalu  cintaku terasa sempurna karena hatimu selalu menerima kekuranganku sungguh indah cintaku  sudahkah kau yakin untuk mencintaiku ku ingin hanya satu tuk selamanya  ku tak (aku tak) melihat dari sisi sempurnamu tak peduli kelemahanmu yang ada aku jatuh cinta karena hatimu  cintaku tak pernah memandang siapa kamu tak pernah menginginkan kamu lebih dari apa adanya dirimu selalu  cintaku terasa sempurna karena hatimu selalu menerima kekuranganku sungguh indah cintaku  cintaku  cintaku tak pernah memandang siapa kamu tak pernah menginginkan kamu lebih dari apa adanya dirimu selalu  cintaku terasa sempurna karena hatimu selalu menerima kekuranganku sungguh indah cintaku sungguh indah cintaku  indah cintaku,1
Tergila-Gila,Tulus, Hari ini kau mesra Besok lusa kau dingin Kau buatku penasaran Bisa hilang seminggu Lalu terus di sisiku Kau buatku penasaran Tahu hati ini luluh Lihat wajahmu yang sendu Itu yang paling kau andalkan Kau menang  menangkan hatiku Kau buatku tergila-gila Kau pintar buat aku rindu Kau buatku tergila-gila  Sayangku Ini bukan yang pertama tapi ini paling menarik Ini bukan yang pertama tapi ini paling menarik Aku tahu kau ingin bertemu Tapi berlagak tak mau Kau ahlinya permainan Tahu hati ini luluh Lihat wajahmu yang sendu Itu yang paling kau andalkan Kau menang  menangkan hatiku Kau buatku tergila-gila Kau pintar buat aku rindu Kau buatku tergila-gila  Sayangku Ini bukan yang pertama tapi ini paling menarik Ini bukan yang pertama tapi ini paling menarik Ini bukan yang pertama tapi ini paling menarik Ini bukan yang pertama tapi ini paling menarik Kau menang  menangkan hatiku Kau buatku tergila-gila Kau pintar buat aku rindu Kau buatku tergila-gila  Sayangku Ini bukan yang pertama tapi ini paling menarik Ini bukan yang pertama tapi ini paling menarik Ini bukan yang pertama tapi ini paling menarik Ini bukan yang pertama tapi ini paling menarik (Ini bukan yang pertama tapi ini paling menarik Ini bukan yang pertama tapi ini paling menarik Ini bukan yang pertama tapi ini paling menarik Ini bukan yang pertama tapi ini paling menarik) Hari ini kau mesra Besok lusa kau dingin Kau buatku penasaran,1
Siapkah Kau 'Tuk Jatuh Cinta Lagi,HIVI!, Ketika ku mendengar bahwa Kini kau tak lagi dengannya Dalam benakku timbul tanya Masihkah ada dia di hatimu bertahta? Atau ini saat bagiku untuk singgah di hatimu? Namun siapkah kau 'tuk jatuh cinta lagi? Meski bibir ini tak berkata Bukan berarti ku tak merasa Ada yang berbeda di antara kita Dan tak mungkin ku melewatkanmu hanya karena Diriku tak mampu untuk bicara Bahwa aku inginkan kau ada di hidupku Kini ku tak lagi dengannya Sudah tak ada lagi rasa Antara aku dengan dia Siapkah kau bertahta di hatiku  adinda? Karena ini saat yang tepat untuk singgah di hatiku Namun siapkah kau 'tuk jatuh cinta lagi? Meski bibir ini tak berkata Bukan berarti ku tak merasa Ada yang berbeda di antara kita Dan tak mungkin ku melewatkanmu hanya karena Diriku tak mampu untuk bicara Bahwa aku inginkan kau ada di hidupku Pikirlah saja dulu Hingga tiada ragu Agar mulus jalanku Melangkah menuju ke hatimu Pikirlah saja dulu Hingga tiada ragu Agar mulus jalanku Melangkah menuju ke hatimu Siapkah kau 'tuk jatuh cinta lagi? Meski bibir ini tak berkata Bukan berarti ku tak merasa Ada yang berbeda di antara kita Dan tak mungkin ku melewatkanmu hanya karena Diriku tak mampu untuk bicara Bahwa aku inginkan kau ada di hidupku Meski bibir ini tak berkata Bukan berarti ku tak merasa Ada yang berbeda di antara kita Dan tak mungkin ku melewatkanmu hanya karena Diriku tak mampu untuk bicara Bahwa aku inginkan kau ada di hidupku Bila kau jatuh cinta  katakanlah  jangan buat sia-sia Bila kau jatuh cinta  katakanlah  jangan buat sia-sia Bila kau jatuh cinta  katakanlah  jangan buat sia-sia Siapkah kau 'tuk jatuh cinta lagi?,1
Kisah Kasih Di Sekolah,Chrisye, Resah dan gelisah menunggu disini Disudut sekolah Tempat yang kau janjikan Ingin jumpa denganku Walau mencuri waktu Berdusta pada guru  Malu aku malu pada semut merah Yang berbaris di dinding Menatapku curiga Seakan penuh tanya sedang apa disini Menanti pacar jawabku  Sungguh aneh tapi nyata takkan terlupa Kisah kasih disekolah dengan si dia Tiada masa paling indah masa-masa disekolah Tiada kisah paling indah  kisah-kasih disekolah,1
Tiba-Tiba Cinta Datang,Maudy Ayunda, Tiba-tiba cinta datang kepadaku Saat kumulai mencari cinta Tiba-tiba cinta datang kepadaku Kuharap dia rasakan yang sama (Tiba-tiba cinta datang kepadaku) (Saatku mulai mencari cinta) (Tiba-tiba cinta datang kepadaku) (Ku harap dia rasakan yang sama) Ada sesuatu saat kumelihat dia Ada getaran membuatku rindu Senang hatiku saat kudengar suaranya Ingin selalu ada di dekatnya Saat ku sendiri kubayangkan dia Datang padaku dengan cinta Di keramaian kumerasa sepi Saat tak ada dirinya Tiba-tiba cinta datang kepadaku Saat ku mulai mencari cinta Tiba-tiba cinta datang kepadaku Ku harap dia rasakan yang sama (Tiba-tiba cinta datang kepadaku) (Saatku mulai mencari cinta) Ada sesuatu saat kumelihat dia Ada getaran membuatku rindu Senang hatiku saat kudengar suaranya Ingin selalu ada di dekatnya Saat ku sendiri kubayangkan dia Datang padaku dengan cinta (Dengan cinta Ha-aa) Di keramaian ku merasa sepi Saat tak ada dirinya (Tiba tiba cinta) Tiba-tiba cinta datang kepadaku Saat ku mulai mencari cinta Tiba-tiba cinta datang kepadaku Ku harap dia rasakan yang sama    (Ku harap dia rasakan yang sama)    (Ku harap cinta akan tiba) (Tiba-tiba cinta datang padaku) (Saat ku mulai mencari cinta) Tiba-tiba cinta datang kepadaku Ku harap dia rasakan yang sama Tiba-tiba cinta datang kepadaku Saat ku mulai mencari cinta Tiba-tiba cinta datang padaku Ku harap dia rasakan yang sama Ku harap dia rasakan yang sama (Yang sama ha-aa) (Ku harap dia) Ku harap dia rasakan yang sama Ku harap dia rasakan  rasakan yang sama,1
Menari,MALIQ & D'Essentials, Menari-nari  kita t'rus menari meski hujan rintik turun Mengalun-ngalun bersama alunan angin malam  berpelukan (Denganmu) berbagi senyuman  Melayang-layang kita t'rus melayang meski langit tanpa bintang Mendayu-dayu suara daun yang berjatuhan  bermesraan (Denganmu) mengisi lamunan  Oh lihat kita bertaburan bunga-bunga Kupu-kupu saling menyapa mengajak kita Terbang bersama ke sana Menari-nari asmara Berjalan-jalan memecah genangan jejak air rintik hujan Bergandeng tangan berdua nyanyikan lagu cinta nostalgia (Denganmu) menggapai khayalan  Oh lihat kita bertaburan bunga-bunga Kupu-kupu saling menyapa mengajak kita Terbang bersama ke sana Menari-nari asmara (Denganmu) mengisi lamunan (Denganmu) menggapai khayalan (Denganmu) bahagia Oh lihat kita bertaburan bunga-bunga Kupu-kupu saling menyapa mengajak kita Terbang bersama ke sana Oh hati kita bertaburan bunga-bunga Kupu-kupu saling menyapa mengajak kita Terbang bersama ke sana Menari di atas sana Melantunkan lagu cinta Menari-nari asmara,1
Kenangan Manis,Pamungkas, Tawa yang terlepas tanpa ada makna Cerita lama yang selalu dibawa Diam-diam hati ini mengerti Teringat dan jadi ciri tentangmu  tentangmu 'Tuk sementara  sampai berjumpa Bersama-sama  bercanda lagi Kenangan manis di hari ini Jadi alasan untuk kembali Semua mimpi tinggi dan segala drama Dijadikan canda  dikeluh bersama Terkadang-kadang mata bicara Seakan-akan semua rahasia Oh  kebodohan antara kita jadi kenangan manis 'Tuk sementara  sampai berjumpa Bersama-sama  bercanda lagi Kenangan manis di hari ini Jadi alasan untuk kembali 'Tuk sementara  sampai berjuma Bersama-sama  bercanda lagi Kenangan manis di hari ini Jadi alasan untuk kembali Kenangan manis sehari ini Jadi alasan untuk kembali (alasan untuk kembali) Yeah  jadi alasan untuk kembali,0
Langit Abu-Abu,Tulus, Tak mungkin secepat itu kau lupa Air mata sedihmu kala itu Mengungkapkan semua kekurangannya Semua dariku yang tak dia punya Daya pikat yang memang engkau punya Sungguh  sungguh  ingin aku lindungi Dan setelah luka-lukamu reda Kau lupa  aku juga punya rasa Lalu kau pergi  kembali dengannya Aku pernah menyentuhmu  apa kau malu? Di bawah basah langit abu-abu Kau di mana? Di lengangnya malam menuju Minggu Kau di mana? Kadang dering masih ada namamu Beberapa pesan singkat untukku Entah apa maksudmu yang kutahu Sayangimu  aku telah keliru Ayo  tulis di buku harianmu Kelak jelaskan bila engkau punya waktu Di bawah basah langit abu-abu Kau di mana? Di lengangnya malam menuju Minggu Kau di mana? Bertemukah kau dengan sang puas? Benar senangkah rasa hatimu? Bertemukah kau dengan sang puas? Benar senangkah rasa hatimu? Di bawah basah langit abu-abu Kau di mana? Di lengangnya malam menuju Minggu Kau di mana? Di bawah basah langit abu-abu Kau di mana? Di lengangnya malam menuju Minggu Kau di mana? Kau di mana?,0
Kita Pernah Ada,Iqbaal Ramadhan, yang kita harapkan  kita inginkan tak selalu sama cerita tentang kita memang pernah ada kelak masih sama  ibu ku pernah bilang tak peduli siapa  yang penting bahagia doaku kita lama tapi ternyata tidak  kau hanya sementara  akhirnya kau berdiri disana berdua dengan dirinya  aku tak bergerak jangan tanya aku bagaimana pikirkan saja semua tentang hidup yang berjalan  dulu berdua di atas motorku sekarang sendiri kau duduk di kiri dulu teleponmu berdering dariku sekarang dia yang kau kabari  dulu berdua di atas motorku sekarang sendiri kau duduk di kiri dulu teleponmu berdering dariku sekarang dia yang kau kabari  akhirnya kau berdiri disana berdua dengan dirinya  aku tak bergerak jangan tanya aku bagaimana pikirkan saja semua tentang hidup yang berjalan  akhirnya kau berdiri disana berdua dengan dirinya  aku tak bergerak jangan tanya aku bagaimana pikirkan saja semua tentang hidup yang berjalan  akhirnya kau berdiri disana berdua dengan dirinya  aku tak bergerak jangan tanya aku bagaimana pikirkan saja semua tentang hidup yang berjalan  kita pernah ada  kita pernah ada kita pernah ada  kita pernah ada  kita pernah ada,0
I Love You but I'm Letting Go,Pamungkas,  tidak Minggu malam setelah hari hujan Aku menghapus semua fotomu aku menjauh darimu Malam hari adalah yang tersulit Tapi aku akan baik-baik saja Jika kita ditakdirkan untuk menjadi seperti itu Hei  kita akan menemukan jalan kita Tapi sekarang  biarkan saja Karena kamu tahu apa yang mereka katakan Jika kamu mencintai seseorang Harus membebaskan mereka Aku mencintaimu tapi aku melepaskannya Aku mencintaimu tapi aku melepaskannya Aku mencintaimu dan aku melepaskannya Aku mencintaimu tapi aku melepaskannya Sedikit yang saya tahu  cinta itu mudah Tapi kenapa itu begitu sulit? Rasanya tidak pernah cukup Aku sudah memberimu semua  kamu masih menginginkan lebih Tidak bisakah kamu melihat? Tidak bisakah kamu melihat? Bahwa kamu menginginkan seseorang yang bukan aku Ya  aku suka tapi aku tidak bisa Jadi aku akan melepaskanmu sekarang dan sayang suatu hari nanti Ketika Anda akhirnya menemukan apa yang Anda inginkan Dan Anda siap membuka hati kepada siapa pun Jangan mendorong orang menjauh lagi Lebih mudah  aku tahu  tapi juga sangat sepi  ya Aku mencintaimu tapi aku melepaskannya Aku mencintaimu tapi aku melepaskannya Aku mencintaimu dan aku melepaskannya Itu satu-satunya cara  kamu tahu? Dan mulai sekarang aku akan memegang tanganku sendiri Sampai suatu hari kamu akan memegang tanganku yang kesepian,0
You're Gonna Live Forever in Me,John Mayer, Ledakan besar dan dinosaurus Hujan meteor yang berapi-api Sayangnya semuanya berakhir Tapi kamu akan hidup selamanya di dalam diriku Saya jamin  tunggu dan lihat saja Sebagian diriku dibuat olehmu Dan planet-planet juga menjaga jaraknya Bulan punya cengkeraman di laut Dan kamu akan hidup selamanya di dalam diriku Saya jamin  itu takdir Anda Hidup ini penuh dengan kesalahan manis Dan cinta adalah cinta yang jujur Waktu tidak menyisakan buah di pohon Tapi kamu akan hidup selamanya di dalam diriku Saya jamin  itu memang dimaksudkan Dan ketika pendeta bertanya kepada bangku gereja Karena alasan dia tidak bisa menikahimu Aku akan menepati janjiku di tempat dudukku Tapi kamu akan hidup selamanya di dalam diriku Saya jamin  tunggu dan lihat saja,0
if u could see me cryin' in my room,Arash Buana dan Raissa Anggiani, Pulang sampai jumpa Membayangkan di mana kita akan berakhir Aku juga bangkrut dan putus asa Seandainya aku bisa kembali padamu Aku tidak bisa terus seperti ini Berpura-pura bahwa kamu sudah pergi Yah  aku tidak tahu  karena semua yang aku tahu Aku akan berada di sini menunggumu datang Dan bawa aku kembali ke rumah Aku terjebak dengan kenangan ini Hanya dengan duduk di sini sendirian Kalau saja aku bisa melihat di mana semuanya dimulai  kita akan baik-baik saja Sudah jelas ke mana arahnya Aku akan terus merindukanmu sendirian Jika kamu bisa melihatku menangis di kamarku Hei  aku juga merindukanmu Dan asal kau tahu  aku masih mencintaimu Dan aku bahkan tidak tahu apakah aku baik-baik saja Karena jika aku menelepon  kita hanya akan berakhir dengan perkelahian Dan aku tidak ingin terus terluka Masih memegang baju kecil kesayanganmu Aku akan berada di sini menunggumu datang Dan bawa aku kembali ke rumah Aku terjebak dengan kenangan ini Hanya dengan duduk di sini sendirian Kalau saja aku bisa melihat di mana semuanya dimulai  kita akan baik-baik saja Sudah jelas ke mana arahnya Aku akan terus merindukanmu sendirian Jika kamu bisa melihatku menangis di kamarku Dan saya tidak tahu ke mana harus pergi Bagaimana aku bisa baik-baik saja jika sendirian? Aku hanya takut kehilanganmu Aku tidak bisa terus-terusan melihatmu menangis di kamarmu Ya  aku tidak bisa terus melihatmu menangis di kamarmu Aku akan berada di sini menunggumu datang Dan bawa aku kembali ke rumah Aku terjebak dengan kenangan ini Hanya dengan duduk di sini sendirian Kalau saja aku bisa melihat di mana semuanya dimulai  kita akan baik-baik saja Sudah jelas ke mana arahnya Aku akan terus merindukanmu sendirian Jika kamu bisa melihatku menangis di kamarku Jika kamu bisa melihatku menangis di kamarku Jika kamu bisa melihatku menangis di kamarku Jika kamu bisa melihatku menangis di kamarku Jika kamu bisa melihatku menangis di kamarku,0
Garis Terdepan,Fiersa Besari, Bilur makin terhampar Dalam rangkuman asa Kalimat hilang makna Logika tak berdaya Di tepian nestapa Hasrat terbungkam sunyi Entah aku pengecut Atau kau tidak peka Ku mendambakanmu  mendambakanku Bila kaubutuh telinga 'tuk mendengar Bahu 'tuk bersandar  raga 'tuk berlindung Pasti kautemukan aku di garis terdepan Bertepuk dengan sebelah tangan Kau membuatku yakin Malaikat tak s'lalu bersayap Biar saja menanti Tanpa batas  tanpa balas Tetap menjelma Cahaya di angkasa Yang sulit tertampik Dan sukar tergapai Ku mendambakanmu  mendambakanku Bila kaubutuh telinga 'tuk mendengar Bahu 'tuk bersandar  raga 'tuk berlindung Akulah orang yang selalu ada untukmu Meski hanya sebatas teman Yakin kautemukan aku di garis terdepan Bertepuk dengan sebelah tangan,0
drivers license,Olivia Rodrigo, Saya mendapatkan SIM saya minggu lalu Seperti yang selalu kita bicarakan Karena kamu begitu bersemangat untukku Untuk akhirnya berkendara ke rumah Anda Tapi hari ini  saya melewati pinggiran kota Menangis karena kamu tidak ada Dan Anda mungkin bersama gadis pirang itu Yang selalu membuatku ragu Dia jauh lebih tua dariku Dia adalah segalanya yang membuatku merasa tidak aman Ya  hari ini saya berkendara melewati pinggiran kota Karena bagaimana mungkin aku bisa mencintai orang lain? Dan saya tahu kami tidak sempurna Tapi aku tidak pernah merasa seperti ini pada siapa pun Dan aku tidak bisa membayangkan  bagaimana kamu bisa begitu baik-baik saja  setelah aku pergi? Sepertinya Anda tidak bersungguh-sungguh dengan apa yang Anda tulis di lagu itu tentang saya Karena kamu bilang selamanya  sekarang aku berkendara sendirian melewati jalanmu Dan semua temanku lelah Mendengar betapa aku merindukanmu  tapi Saya agak merasa kasihan pada mereka Karena mereka tidak akan pernah mengenalmu seperti aku Ya  hari ini  saya berkendara melewati pinggiran kota Dan bayangkan aku sedang dalam perjalanan pulang menemuimu Dan saya tahu kami tidak sempurna Tapi aku tidak pernah merasa seperti ini pada siapa pun Oh-uh  dan aku tidak bisa membayangkan  bagaimana kamu bisa baik-baik saja  setelah aku pergi? Saya rasa Anda tidak bersungguh-sungguh dengan apa yang Anda tulis di lagu itu tentang saya Karena kamu bilang selamanya  sekarang aku berkendara sendirian melewati jalanmu lampu merah Tanda berhenti Aku masih melihat wajahmu di mobil putih Halaman depan Tidak bisa melewati tempat yang biasa kita kunjungi Karena aku masih sangat mencintaimu  sayang  ooh  ooh-ooh  ooh-ooh Trotoar Kami menyeberang Aku masih mendengar suaramu di tengah lalu lintas Kami tertawa Atas semua kebisingan Ya Tuhan  aku sangat sedih  aku tahu kita sudah selesai Tapi aku masih sangat mencintaimu  sayang  ooh  ooh-ooh  ooh-ooh Saya tahu kami tidak sempurna Tapi aku tidak pernah merasa seperti ini pada siapa pun Dan saya tidak bisa membayangkannya Bagaimana kamu bisa baik-baik saja Sekarang aku sudah pergi? Sepertinya Anda tidak bersungguh-sungguh dengan apa yang Anda tulis di lagu itu tentang saya Karena kamu bilang selamanya  sekarang aku berkendara sendirian melewati jalanmu Ya  katamu selamanya  sekarang aku berkendara sendirian melewati jalanmu,0
All I Want,Kondaline, Yang aku inginkan hanyalah tidak lebih Untuk mendengarmu mengetuk pintuku Karena jika aku bisa melihat wajahmu sekali lagi Aku yakin aku bisa mati sebagai pria yang bahagia  Saat kamu mengucapkan selamat tinggal terakhirmu Aku mati sedikit di dalam Saya berbaring sambil menangis di tempat tidur sepanjang malam Sendirian tanpamu di sisiku  Tapi jika kamu mencintaiku Kenapa kamu meninggalkanku? Ambil tubuhku Ambil tubuhku Yang saya inginkan hanyalah Dan yang saya butuhkan hanyalah Untuk menemukan seseorang Aku akan menemukan seseorang sepertimu     Jadi kamu mengeluarkan yang terbaik dari diriku Bagian dari diriku yang belum pernah kulihat Anda mengambil jiwa saya dan menghapusnya hingga bersih Kecintaan kami tercipta pada layar film  Tapi jika kamu mencintaiku Kenapa kamu meninggalkanku? Ambil tubuhku Ambil tubuhku Yang saya inginkan hanyalah Dan yang saya butuhkan hanyalah Untuk menemukan seseorang Aku akan mencari seseorang    Jika kamu mencintaiku Kenapa kamu meninggalkanku? Ambil tubuhku Ambil tubuhku Yang saya inginkan hanyalah Dan yang saya butuhkan hanyalah Untuk menemukan seseorang Aku akan menemukan seseorang sepertimu,0
The Scientist,Coldplay, Datang menemuimu  beritahu kamu aku minta maaf Kamu tidak tahu betapa cantiknya dirimu Aku harus menemukanmu  memberitahumu aku membutuhkanmu Sudah kubilang aku memisahkanmu Ceritakan rahasiamu dan ajukan pertanyaanmu Oh  ayo kembali ke awal Berlari berputar-putar  muncul ekor Beralih ke ilmu pengetahuan secara terpisah Tak ada yang bilang itu mudah Sayang sekali kami harus berpisah Tak ada yang bilang itu mudah Tidak ada yang pernah mengatakan ini akan sesulit ini Oh bawa saya kembali ke awal Saya hanya menebak angka dan angka Memisahkan teka-teki itu Pertanyaan tentang sains  sains  dan kemajuan Jangan bicara sekeras hatiku Tapi katakan padaku kamu mencintaiku  kembalilah dan hantui aku Oh dan saya bergegas untuk memulai Berlari berputar-putar  mengejar ekor kita Kembali seperti semula Tak ada yang bilang itu mudah Oh  sayang sekali kita harus berpisah Tak ada yang bilang itu mudah Tidak ada yang pernah mengatakan itu akan sangat sulit Aku akan kembali ke awal,0
I Still Love You,TheOvertunes, Jika suatu saat kakimu tak mampu menyentuh tanah Jika suatu saat nanti lenganmu tak bisa merasakan sentuhanku Jika suatu saat matamu tidak bisa melihat wajahku Aku akan menggendongmu  berada di sana untukmu kapan saja sepanjang hari  Selamanya adalah waktu yang lama Tapi aku menepati kata-kata yang kuucapkan padamu Bersama-sama kita bisa melangkah jauh Selama aku bersamamu  Karena aku akan jatuh cinta padamu Tidak peduli apa yang mereka katakan Aku masih mencintaimu  aku masih mencintaimu Kamu tidak akan sendiri Sekarang tatap mataku Aku masih mencintaimu  aku masih mencintaimu sampai selamanya  Jika suatu saat kamu tidak mengenali suaraku Dan jika suatu saat rasanya sesak sekali untuk bernafas Saya berjanji kepada Anda untuk memberikan segalanya Oh  seperti yang kamu lakukan sejak aku mulai bisa melihat  Selamanya adalah waktu yang lama Tapi aku menepati kata-kata yang kuucapkan padamu Bersama-sama kita bisa melangkah jauh Selama kamu bersamaku  Karena aku akan jatuh cinta padamu Tidak peduli apa yang mereka katakan Aku masih mencintaimu  aku masih mencintaimu Kamu tidak akan sendiri Sekarang tatap mataku Aku masih mencintaimu  aku masih mencintaimu sampai selamanya  Aku akan menjagamu sampai kamu menemukannya Apa yang kamu cari  carilah Aku akan tinggal bersamamu sampai kamu menemukannya Jalan pulang  jalan pulang Aku akan menjagamu sampai kamu menemukannya Apa yang kamu cari  carilah Aku akan tinggal bersamamu sampai kamu menemukannya Jalan pulang  jalan pulang  Karena aku akan jatuh cinta padamu Tidak peduli apa yang mereka katakan Aku masih mencintaimu  aku masih mencintaimu Kamu tidak akan sendiri Sekarang tatap mataku Aku masih mencintaimu  aku masih mencintaimu  aku masih mencintaimu Sekarang lihat aku melalui kulitku Hatimu tetap di dalam aku masih mencintaimu,0
Seandainya,Vierra, Kelak kau 'kan menjalani hidupmu sendiri Melukai kenangan yang telah kita lalui Yang tersisa hanya aku sendiri di sini Kau akan terbang jauh menembus awan Memulai kisah baru tanpa diriku Seandainya kau tau ku tak ingin kau pergi Meninggalkanku sendiri bersama bayanganku Seandainya kau tau aku 'kan selalu cinta Jangan kau lupakan kenangan kita selama ini Kelak kau 'kan menjalani hidupmu sendiri Melukai kenangan yang telah kita lalui Kau akan terbang jauh menembus awan Memulai kisah baru tanpa diriku Seandainya kau tau ku tak ingin kau pergi Meninggalkanku sendiri bersama bayanganku Seandainya kau tau aku 'kan selalu cinta Jangan kau lupakan kenangan kita selama ini Selama ini Seandainya kau tau ku tak ingin kau pergi  Meninggalkanku sendiri bersama bayanganku Seandainya kau tau aku 'kan selalu cinta Jangan kau lupakan kenangan kita selama ini  Selama ini,0
Perih,Vierra, Dirimu tak pernah menyadari Semua yang telah kau miliki Kau buang aku  tinggalkan diriku Kau hancurkan aku seakan ku tak pernah ada Aku 'kan bertahan Meski takkan mungkin Menerjang kisahnya Walau perih  walau perih Salahkah (salahkah) aku terlalu cinta? Berharap semua 'kan kembali Kau buang aku  tinggalkan diriku Kau hancurkan aku seakan ku tak pernah ada Aku 'kan bertahan Meski takkan mungkin Menerjang kisahnya Walau perih  walau perih Aku 'kan bertahan Meski takkan mungkin Menerjang kisahnya Walau perih Aku 'kan bertahan Meski takkan mungkin Menerjang kisahnya Walau perih  walau perih Walau perih (walau perih)  walau perih,0
Happiness,Rex Orange County, Aku akan menjadi orang yang bertahan sampai akhir Dan aku akan menjadi orang yang membutuhkanmu lagi Dan akulah yang akan melamar di taman mawar Dan benar-benar mencintaimu lama setelah tirai kita ditutup Tapi apakah kamu akan tetap mencintaiku ketika tidak ada yang menginginkanku? Saat saya berusia 81 tahun dan melupakan banyak hal Akankah kamu tetap bangga? Karena akulah yang menunggu selama ini Dan akulah yang mungkin salah Dan akulah yang akan mencintaimu Seperti yang seharusnya aku lakukan  Nak   Tapi apakah kamu masih mencintaiku Ketika tidak ada seorang pun yang ingin aku ada di sini? Saat saya berusia 81 tahun dan melupakan banyak hal Akankah kamu tetap bangga? Banggalah padaku  atas daftar pendek pencapaianku  katakanlah Dan saya dan kurangnya berita baru Aku dan keegoisanku    aku dan diriku sendiri Semoga Anda mendapatkan versi baru diri Anda yang bahagia Karena aku  aku    Aku ingin kamu memberitahuku Anda merasa sulit untuk menjadi diri sendiri Jadi aku bisa bilang semuanya akan baik-baik saja  ya Dan aku ingin kamu mencintaiku seperti kamu mencintai keluargamu Caramu menunjukkan padaku bagaimana rasanya bahagia,0
Sweet,Cigarettes After Sex, Menonton video yang Anda kirimkan kepada saya Yang dimana kamu mandi dengan rambut basah yang menetes Anda tahu bahwa saya terobsesi dengan tubuh Anda  Tapi caramu tersenyumlah yang memberikan manfaat bagiku Sungguh manis mengetahui bahwa kamu mencintaiku Meskipun kita tidak perlu mengatakannya satu sama lain  Manis mengetahui bahwa aku mencintaimu dan menyisir rambutmu dengan jariku Manis sekali Menonton video di mana Anda berbohong Dalam pakaian dalam merahmu sepuluh kali setiap malam Anda tahu  menurut saya warna kulit Anda sempurna  Tapi selalu matamu yang menarikku ke bawah Sungguh manis mengetahui bahwa kamu mencintaiku Meskipun kita tidak perlu mengatakannya satu sama lain  Manis mengetahui bahwa aku mencintaimu dan menyisir rambutmu dengan jariku Manis sekali Dan saya dengan senang hati akan memecahkannya Aku dengan senang hati akan menghancurkan hatiku untukmu... Dan saya dengan senang hati akan memecahkannya Aku dengan senang hati akan menghancurkan hatiku untukmu... Dan saya dengan senang hati akan memecahkannya Aku dengan senang hati akan menghancurkan hatiku untukmu... Dan saya dengan senang hati akan memecahkannya Aku dengan senang hati akan menghancurkan hatiku untukmu... Sungguh manis mengetahui bahwa kamu mencintaiku Meskipun kita tidak perlu mengatakannya satu sama lain  Manis mengetahui bahwa aku mencintaimu dan menyisir rambutmu dengan jariku Manis sekali,0
Serana,For Revenge, Di setiap masa yang telah kulewati Menua bersama kisah tak terganti Senja mulai membiru  menunggu yang berlalu Haru air mata menyela  iringi rindunya Jika kau merasa sepi Kembalilah ke tempat ku menanti Sebelum waktu menuntut mati  Beri tahu aku cara melupakanmu Seperti kauajarkanku dewasa Beri tahu aku cara merelakanmu Seperti kauajarkanku bahagia Biarkan ku menepi jika kau takkan kembali Dan yakinkanku bahwa kau telah temukan yang kaucari Izinkan ku membenci pada sang pengganti Dan yakinkanku bahwa kau telah temukan yang kaucari Beri tahu aku cara melupakanmu Seperti kauajarkanku dewasa Beri tahu aku cara merelakanmu Seperti kauajarkanku bahagia Beri tahu aku cara melupakanmu Seperti kauajarkanku dewasa Beri tahu aku cara merelakanmu Seperti kauajarkanku untuk selalu sempurna,0
Photograph,Ed Sheeran, Mencintai bisa menyakitkan Mencintai terkadang bisa menyakitkan Tapi itu satu-satunya Itu yang saya tahu Dan ketika itu menjadi sulit Anda tahu itu terkadang sulit Ini adalah satu-satunya hal yang membuat kita merasa hidup Kami menyimpan cinta ini dalam sebuah foto Kami membuat kenangan ini untuk diri kami sendiri Dimana mata kita tidak pernah terpejam Hati tidak pernah patah Dan waktu selamanya membeku Jadi kamu bisa menjagaku Di dalam saku jeans robekmu Pegang aku lebih dekat sampai mata kita bertemu Anda tidak akan pernah sendirian Tunggu aku pulang Mencintai bisa menyembuhkan Mencintai dapat menyembuhkan jiwamu Dan merupakan satu-satunya hal Itu yang saya tahu  tahu Saya bersumpah ini akan menjadi lebih mudah Ingatlah itu dengan setiap bagianmu  mmm Dan itu satu-satunya barang yang kita bawa saat kita mati  mmm Kami menyimpan cinta ini dalam sebuah foto Kami membuat kenangan ini untuk diri kami sendiri Dimana mata kita tidak pernah terpejam Hati tidak pernah patah Dan waktu selamanya membeku Jadi kamu bisa menjagaku Di dalam saku jeans robekmu Pegang aku lebih dekat sampai mata kita bertemu Anda tidak akan pernah sendirian Dan jika kamu menyakitiku Baiklah  sayang  hanya kata-kata yang keluar Di dalam halaman-halaman ini kamu hanya memelukku Dan aku tidak akan pernah membiarkanmu pergi Tunggu aku pulang Tunggu aku pulang Tunggu aku pulang Tunggu aku pulang  kamu bisa cocok untukku Di dalam kalung yang kamu dapatkan saat berumur 16 tahun Di sebelah detak jantungmu dimana aku seharusnya berada Simpanlah itu jauh di dalam jiwa Anda Dan jika kamu menyakitiku Baiklah  sayang  hanya kata-kata yang keluar Di dalam halaman-halaman ini kamu hanya memelukku Dan aku tidak akan pernah membiarkanmu pergi Saat aku pergi Aku akan mengingat bagaimana kamu menciumku Di bawah tiang lampu di jalan ke-6 Mendengarmu berbisik melalui telepon Tunggu aku pulang,0
fOoL fOr YoU,ZAYN, Cinta ini tercemar Aku membutuhkanmu dan aku membencinya Anda terjebak antara mimpi dan adegan film Di satu sisi  Anda tahu apa yang saya maksud Ketika anak panahnya meleset  saya tidak bisa menahannya Karena aku bodoh untukmu dan hal-hal yang kamu lakukan Karena aku bodoh bagimu dan hal-hal yang kamu lakukan Hal-hal yang Anda lakukan  hal-hal yang Anda lakukan Saat kamu terlihat seperti ini Aku tidak bisa menolaknya Aku tahu terkadang aku menyembunyikannya Tapi aku tidak bisa kali ini karena itu akan mengalahkanku Tapi jika kamu tidak percaya padaku  percayalah Karena aku bodoh untukmu dan hal-hal yang kamu lakukan Karena aku bodoh bagimu dan hal-hal yang kamu lakukan Hal-hal yang Anda lakukan  hal-hal yang Anda lakukan Saya tahu  saya tahu  jika diberi kesempatan  saya akan melakukannya lagi Karena aku tidak bisa menahan diri Karena aku tidak bisa menahan diri Aku senang menjadi orang bodoh untukmu-oh-oh Karena aku bodoh untukmu dan hal-hal yang kamu lakukan Karena aku bodoh bagimu dan hal-hal yang kamu lakukan Hal-hal yang Anda lakukan  hal-hal yang Anda lakukan Cinta ini tercemar,0
Benci Untuk Mencinta,Naif,   betapa 'ku saat ini 'Ku benci untuk mencinta Mencintaimu   betapa 'ku saat ini 'Ku cinta untuk membenci Membencimu Aku tak tahu apa yang terjadi Antara aku dan kau Yang 'ku tahu pasti 'Ku benci 'tuk mencintaimu Aku tak tahu apa yang terjadi Antara aku dan kau Yang 'ku tahu pasti 'Ku benci 'tuk mencintaimu Dan aku tak tahu apa yang terjadi Antara aku dan kau Yang 'ku tahu pasti 'Ku benci 'tuk mencintaimu Yang 'ku tahu pasti 'Ku benci 'tuk mencintaimu Yang 'ku tahu pasti 'Ku benci 'tuk mencintaimu,0
Yang Patah Tumbuh Yang Hilang Berganti,Banda Neira, Jatuh dan tersungkur di tanah aku Berselimut debu sekujur tubuhku Panas dan menyengat Rebah dan berkarat Yang... Yang patah tumbuh  yang hilang berganti Yang hancur lebur akan terobati Yang sia-sia akan jadi makna Yang terus berulang suatu saat henti Yang pernah jatuh 'kan berdiri lagi Yang patah tumbuh  yang hilang berganti Di mana ada musim yang menunggu? Meranggas merapuh Berganti dan luruh Bayang yang berserah T'rang di ujung sana Yang... Yang patah tumbuh  yang hilang berganti Yang hancur lebur akan terobati Yang sia-sia akan jadi makna Yang terus berulang suatu saat henti Yang pernah jatuh 'kan berdiri lagi Yang patah tumbuh  yang hilang berganti Yang patah tumbuh  yang hilang berganti Yang hancur lebur akan terobati Yang sia-sia akan jadi makna Yang terus berulang suatu saat henti Yang pernah jatuh 'kan berdiri lagi Yang patah tumbuh  yang hilang berganti Yang patah tumbuh  yang hilang berganti Yang hancur lebur akan terobati Yang sia-sia akan jadi makna Yang terus berulang suatu saat henti Yang pernah jatuh 'kan berdiri lagi Yang patah tumbuh  yang hilang berganti,0
Hitam Putih,Fourtwnty, Bagai langit dan bumi Yang tak pernah sealam Bagai hitam dan putih Yang tak pernah sewarna Hanya kita yang merasakannya Belajar melepaskan dirinya Walau setengahku bersamanya Ku yakin kita kan terbiasa Walau inti jiwa tak terima Bagai air dan api Yang tak pernah senyawa Bagai timur dan barat Yang tak pernah searah Belajar melepaskan dirinya Walau setengahku bersamanya Kuyakin kita kan terbiasa Walau inti jiwa tak terima  Belajar melepaskan dirinya Walau setengahku bersamanya Ku yakin kita kan terbiasa Walau inti jiwa tak terima Tak terima tak terima Tak terima tak terima Tak terima tak terima Tak terima tak terima Tak terima tak terima Tak terima tak terima Tak terima tak terima Tak terima tak terima,0
Nadir,Fiersa Besari, Bolehkah kita mengulang Masa-masa indah itu? 'Ku tak mengerti apa yang terjadi hingga berakhir Bagaimanakah kabarmu? Berhasilkah lupakanku? Diriku yang bodoh ini masih mendamba hadirmu Waktu kau sedih 'ku di sini Waktu kau senang kau di mana? Sebelum dirimu pergi Dan janjimu hilang arti Lihatlah perjuanganku Namun jika memang harus Berakhir sampai di sini Biar 'ku berharap dengan Hati yang keras kepala Aku rindu kau yang dulu Dan obrolan kecil kita Kini bagai dua orang asing tidak saling tanya Sebelum dirimu pergi Dan janjimu hilang arti Lihatlah perjuanganku Namun jika memang harus Berakhir sampai di sini Biar 'ku berharap dengan Hati yang terpecah-belah Biar 'ku berharap dengan Hati yang keras kepala,0
Aku Tenang,Fourtwnty, Denganmu tenang Tak terfikir dunia ini Karnamu tenang Semua hayal  seakan kenyataan Berlari lari ditaman mimpiku Imajinasi t'lah menghanyutkanku Mimpiku sempurna tak seperti orang biasa Karnamu tenang Semua hayal  seakan kenyataan Berlari lari ditaman mimpiku Imajinasi t'lah menghanyutkanku Mimpiku sempurna tak seperti orang biasa Aku... Berbeda Aku... Berbeda Berlari lari ditaman mimpiku Imajinasi t'lah menghanyutkanku Mimpiku sempurna tak seperti orang biasa Fikirkan indah tentang surga Seakan akan disana Berkhayal semua tentang jiwa Ku tenang,0
Whiskey Bottle,GANGGA, saya tersesat Aku mencoba meminummu Pergilah Sangat mabuk  sendirian Untuk berpura-pura bahwa kamu telah pergi Kamu sudah pergi Kami sangat tragis Tapi itu ajaib Aku berharap aku bisa melupakanmu Dan temukan seseorang yang baru Tapi itu tidak mudah bagi saya Kamulah yang selalu berada di bawah Dari botol wiski saya Lagi dan lagi Kami sangat tragis Tapi itu ajaib Saya telah melihat semua rasa sakitnya Tidak  itu tidak sama Tidak sama Aku membiarkanmu mengambil semua harga diriku Hanya untuk membuatmu merasa benar Aku berharap aku bisa melupakanmu Dan temukan seseorang yang baru Tapi itu tidak mudah bagi saya Kamulah yang selalu berada di bawah Dari botol wiski saya Lagi dan lagi Kami sangat tragis Tapi itu ajaib,0
Wish You Were Here,Neck Deep, Tenang saja  ceritakan semuanya padaku Bagaimana kamu tumbuh hanya untukku Bisakah kita semua bernostalgia? Lebih baik lagi  ini pena Buat daftar Isi penuh dengan semua hal yang saya lewatkan Karena aku hampir tidak bisa melewati sekolah Tanpa berhenti memikirkanmu Dan bagaimana kita dulu bertindak bodoh Tapi yang terburuk dari semuanya  aku harap aku menelepon Setidaknya seribu kali atau lebih Hanya untuk mendengar apa yang selama ini aku lewatkan Jika hanya gambar yang saya miliki Saya dapat membayangkan saat-saat di mana kita tidak akan kembali Jika saya membayangkannya sekarang  rasanya tidak terlalu buruk Apapun itu  aku tetap berharap kamu ada di sini Jangan katakan semuanya memang seharusnya terjadi Karena kamu tahu  bukan itu yang aku yakini Mau tak mau aku berpikir bahwa itu seharusnya aku Apapun itu  aku tetap berharap kamu ada di sini Memikirkan kembali hari-hari itu Tempat yang biasa kita semua katakan Aku tahu tempat mana pun lebih baik daripada di sini Di belakang kelas Dimana kita tumbuh terlalu cepat Menjalani hidup seperti tidak ada yang perlu ditakutkan Tapi mata tertuju ke jalan Mengemudi pulang sendirian Bernyanyi bersama lagu dari tiga musim panas lalu Yang membuatmu mengingatnya Sekarang aku akan selalu mengingatnya Seperti lagu yang mengakhiri hidupmu Jika hanya gambar yang saya miliki Saya dapat membayangkan saat-saat di mana kita tidak akan kembali Jika saya membayangkannya sekarang  rasanya tidak terlalu buruk Apapun itu  aku tetap berharap kamu ada di sini Jangan katakan semuanya memang seharusnya terjadi Karena kamu tahu  bukan itu yang aku yakini Mau tak mau aku berpikir bahwa itu seharusnya aku Apapun itu  aku tetap berharap kamu ada di sini Dan mereka bilang kamu berada di tempat yang lebih baik Tapi tempat yang lebih baik ada di sini bersamaku Ya  mereka bilang kamu berada di tempat yang lebih baik Sayang sekali bukan itu yang saya yakini Karena hanya gambar yang kumiliki Untuk mengingatkanku bahwa kamu tidak akan pernah kembali Jika aku membayangkannya sekarang  itu membuatku sedih Dan saat ini aku hanya berharap kamu ada di sini Jangan katakan semuanya memang seharusnya terjadi Karena kamu tahu  bukan itu yang aku yakini Mau tak mau aku berpikir bahwa itu seharusnya aku Pada akhirnya aku hanya berharap kamu ada di sini Ya  mereka bilang kamu berada di tempat yang lebih baik Bagaimanapun aku tetap berharap kamu ada di sini (Karena mereka bilang kamu berada di tempat yang lebih baik) Mereka bilang kamu berada di tempat yang lebih baik Pada akhirnya aku hanya berharap kamu ada di sini,0
Falling,Harry Styles, Aku di tempat tidurku Dan kamu tidak di sini Dan tidak ada yang bisa disalahkan selain minuman di tanganku yang mengembara Lupakan apa yang saya katakan Bukan itu maksudku Dan saya tidak dapat mengambilnya kembali  saya tidak dapat membongkar bagasi yang Anda tinggalkan Apa aku sekarang? Apa aku sekarang? Bagaimana jika saya adalah seseorang yang tidak saya inginkan? Aku terjatuh lagi  aku terjatuh lagi  aku terjatuh Bagaimana jika saya terjatuh? Bagaimana jika saya keluar? Bagaimana jika saya adalah seseorang yang tidak ingin Anda bicarakan? Aku terjatuh lagi  aku terjatuh lagi  aku terjatuh Kamu bilang kamu peduli Dan kamu juga merindukanku Dan aku sadar aku menulis terlalu banyak lagu tentangmu Dan kopinya habis Di Kafe Beachwood Dan itu membunuhku karena aku tahu kita sudah kehabisan kata-kata Apa aku sekarang? Apa aku sekarang? Bagaimana jika saya adalah seseorang yang tidak saya inginkan? Aku terjatuh lagi  aku terjatuh lagi  aku terjatuh Bagaimana jika saya terjatuh? Bagaimana jika saya keluar? Bagaimana jika saya adalah seseorang yang tidak ingin Anda bicarakan? Aku terjatuh lagi  aku terjatuh lagi  aku terjatuh Dan aku merasa kamu tidak akan membutuhkanku lagi Apa aku sekarang? Apa aku sekarang? Bagaimana jika Anda adalah seseorang yang saya inginkan Aku terjatuh lagi  aku terjatuh lagi  aku terjatuh Bagaimana jika saya terjatuh? Bagaimana jika saya keluar? Bagaimana jika saya adalah seseorang yang tidak ingin Anda bicarakan? Aku terjatuh lagi  aku terjatuh lagi  aku terjatuh,0
Last Night On Earth,Green Day, Saya mengirim SMS ke kartu pos yang dikirimkan kepada Anda Apakah berhasil? Mengirimkan semua cintaku padamu Kamu adalah cahaya bulan dalam hidupku Setiap malam Memberikan semua cintaku padamu Jantungku yang berdetak adalah milikmu Aku berjalan bermil-mil sampai aku menemukanmu Saya di sini untuk menghormati Anda Jika saya kehilangan segalanya dalam api Aku mengirimkan seluruh cintaku padamu Dengan setiap nafas yang aku hargai Di sini  di Bumi Aku mengirimkan seluruh cintaku padamu Jadi jika Anda berani menebak-nebak Anda bisa istirahat Yakinlah bahwa semua cintaku untukmu Jantungku yang berdetak adalah milikmu Aku berjalan bermil-mil sampai aku menemukanmu Saya di sini untuk menghormati Anda Jika saya kehilangan segalanya dalam api Aku mengirimkan seluruh cintaku padamu Jantungku yang berdetak adalah milikmu Aku berjalan bermil-mil sampai aku menemukanmu Saya di sini untuk menghormati Anda Jika saya kehilangan segalanya dalam api Apakah saya pernah berhasil melewatinya?,0
Here With Me,d4vd, Saksikan matahari terbit di sepanjang pantai Seiring bertambahnya usia kami berdua Saya tidak bisa menggambarkan apa yang saya rasakan Dan yang aku tahu hanyalah kita akan pulang Jadi tolong jangan biarkan aku pergi Jangan biarkan aku pergi Dan jika itu benar Saya tidak peduli berapa lama waktu yang dibutuhkan Selama aku bersamamu Aku punya senyuman di wajahku Simpan air matamu  semuanya akan baik-baik saja Yang aku tahu hanyalah kamu di sini bersamaku Saksikan matahari terbit seiring bertambahnya usia Saya tidak bisa menjelaskannya  wah Saya berharap saya bisa menghidupkan kembali setiap kenangan Sekali lagi sebelum kita melayang tertiup angin Dan sepanjang waktu yang kita habiskan Menunggu cahaya membawa kita masuk Telah menjadi momen terhebat dalam hidupku Saya tidak peduli berapa lama waktu yang dibutuhkan Selama aku bersamamu  aku selalu tersenyum Simpan air matamu  semuanya akan baik-baik saja Ya  jika bersamaku Aku tidak bisa mendeskripsikannya,0
Apocalypse,Cigarettes After Sex, Anda melompat dari jembatan yang runtuh Menyaksikan pemandangan kota berubah menjadi debu Helikopter yang sedang syuting jatuh Di lautan dari atas Punya musik di dalam dirimu  sayang Katakan padaku alasannya Punya musik di dalam dirimu  sayang Katakan padaku alasannya Anda telah terkunci di sini selamanya Dan Anda tidak bisa mengucapkan selamat tinggal Ciuman di kening sepasang kekasih Terbungkus dalam pelukanmu Anda telah menyembunyikannya di piano yang berlubang Ditinggal dalam kegelapan Punya musik di dalam dirimu  sayang Katakan padaku alasannya Punya musik di dalam dirimu  sayang Katakan padaku alasannya Anda telah terkunci di sini selamanya Dan Anda tidak bisa mengucapkan selamat tinggal Bibirmu  bibirku Wahyu Bibirmu  bibirku Wahyu Pergi dan sembunyikan kami melalui sungai Banjir melanda lutut Anda Bisa aja Keluarlah dan hantui aku saya tau Anda menginginkan saya Keluarlah dan hantui aku Berbagi semua rahasia Anda satu sama lain Sejak kamu masih kecil Tidur nyenyak dengan liontin yang dia berikan padamu Tergenggam di tanganmu Punya musik di dalam dirimu  sayang Katakan padaku alasannya Punya musik di dalam dirimu  sayang Katakan padaku alasannya Anda telah terkunci di sini selamanya Dan Anda tidak bisa mengucapkan selamat tinggal Anda telah terkunci di sini selamanya Dan Anda tidak bisa mengucapkan selamat tinggal Saat kamu sendirian Aku akan meraihmu Saat kamu merasa rendah diri Saya akan berada di sana juga,0
Space Song,Beach House, Saat itu sudah larut malam  kamu berpegangan erat Dari kursi kosong  kilatan cahaya Butuh beberapa saat untuk membuatmu tersenyum Di suatu tempat di mata ini  aku ada di sisimu Kalian gadis bermata lebar  kalian melakukannya dengan benar Jatuh kembali ke tempatnya Jatuh kembali ke tempatnya Lembut adalah malam bagi hati yang patah Siapa yang akan mengeringkan matamu saat pecah? Apa yang membuat dunia yang rapuh ini berputar? Apakah kamu pernah tersesat? Apakah dia pernah ditemukan? Di suatu tempat di mata ini Jatuh kembali ke tempatnya Jatuh kembali ke tempatnya Jatuh kembali ke tempatnya (jatuh kembali ke tempatnya) Jatuh kembali ke tempatnya (jatuh kembali ke tempatnya) Jatuh kembali ke tempatnya (jatuh kembali ke tempatnya) Jatuh kembali ke tempatnya (jatuh kembali ke tempatnya) Jatuh kembali ke tempatnya (jatuh kembali ke tempatnya) Jatuh kembali ke tempatnya (jatuh kembali ke...),0
Memories,Conan Gray, Satu dua Sudah beberapa bulan Itu waktu yang cukup Agar aku berhenti menangis saat melihat semua gambarnya Sekarang aku agak tersenyum  sudah lama aku tidak merasakannya Sudah larut  aku mendengar pintunya Bel berbunyi  dan hujan turun Aku membuka pintu itu  melihat mata coklatmu di pintu masuk Kamu hanya ingin bicara  dan aku tidak bisa menolak anjing basah Tapi tolong  jangan hancurkan ini untukku Tolong  jangan membuatnya lebih sulit dari sebelumnya Saya mencoba untuk melupakan ini Aku harap kamu tetap ada dalam ingatanku Tapi Anda muncul hari ini hanya untuk merusak segalanya Aku ingin menempatkanmu di masa lalu karena aku trauma Tapi kau tidak mengizinkanku melakukan itu  karena malam ini Kalian semua mabuk di dapurku  meringkuk dalam posisi janin Terlalu sibuk berperan sebagai korban sehingga tidak bisa mendengarkanku saat aku berkata "Aku berharap kamu tetap berada dalam ingatanku" Dalam ingatanku  tetaplah dalam ingatanku Sekarang aku tidak bisa mengatakan  "Selamat tinggal" Jika Anda akan tinggal di sini sepanjang malam Anda tahu  sulit untuk menemukan akhir dari sesuatu yang terus Anda mulai Lagi dan lagi Saya berjanji bahwa akhirnya selalu tetap sama Jadi tidak ada alasan yang baik untuk mempercayainya Bahwa kita bisa ada lagi Aku tidak bisa menjadi temanmu  tidak bisa menjadi kekasihmu Tidak bisa menjadi alasan kita menahan satu sama lain untuk tidak jatuh cinta Dengan orang lain selain aku Aku harap kamu tetap ada dalam ingatanku Tapi Anda muncul hari ini hanya untuk merusak segalanya Aku ingin menempatkanmu di masa lalu karena aku trauma Tapi kau tidak mengizinkanku melakukan itu  karena malam ini Kalian semua mabuk di dapurku  meringkuk dalam posisi janin Terlalu sibuk berperan sebagai korban sehingga tidak bisa mendengarkanku saat aku berkata "Aku berharap kamu tetap berada dalam ingatanku" Dalam ingatanku  tetaplah dalam ingatanku Sejak kamu datang Kurasa aku akan membiarkanmu tinggal Selama itu diperlukan Untuk mengambil buku-bukumu  mantelmu  dan cologne yang bagus itu Yang kamu beli saat kita bertarung Karena itu masih ada di bajuku  semua milikku Dan itu membuatku merasa ingin mati Saya baru saja bertahan Aku harap kamu tetap ada dalam ingatanku Tapi Anda muncul hari ini hanya untuk merusak segalanya Aku ingin menempatkanmu di masa lalu karena aku trauma Tapi kau tidak mengizinkanku melakukan itu  karena malam ini Kalian semua mabuk di dapurku  meringkuk dalam posisi janin Terlalu sibuk berperan sebagai korban sehingga tidak bisa mendengarkanku saat aku berkata "Aku berharap kamu tetap berada dalam ingatanku" Dalam ingatanku  tetaplah dalam ingatanku,0
Sampai Jadi Debu (Menampilkan Gardika Gigih),Banda Neira, Badai Tuan telah berlalu Salahkah ku menuntut mesra? Tiap pagi menjelang Kau di sampingku Ku aman ada bersamamu Selamanya Sampai kita tua Sampai jadi debu Ku di liang yang satu Ku di sebelahmu Badai Puan telah berlalu Salahkah ku menuntut mesra? Tiap taufan menyerang Kau di sampingku Kau aman ada bersamaku Selamanya Sampai kita tua Sampai jadi debu Ku di liang yang satu Ku di sebelahmu,0
august,Taylor Swift, Udara asin  dan karat di pintu Anda Saya tidak membutuhkan apa pun lagi Bisikan "Apakah kamu yakin?" "Belum pernah aku sebelumnya" Tapi aku bisa melihat kita tenggelam dalam ingatan Agustus menyelinap ke suatu saat Karena itu bukan milikku Dan aku bisa melihat kami terbungkus dalam seprai August menyesapnya seperti sebotol anggur Karena kamu tidak pernah menjadi milikku Punggungmu di bawah sinar matahari Seandainya aku bisa menulis namaku di situ Maukah kamu menelepon ketika kamu kembali ke sekolah? Aku ingat berpikir aku memilikimu Tapi aku bisa melihat kita tenggelam dalam ingatan Agustus menyelinap ke suatu saat Karena itu bukan milikku Dan aku bisa melihat kami terbungkus dalam seprai August menyesapnya seperti sebotol anggur Karena kamu tidak pernah menjadi milikku Kembali ketika kita masih berubah menjadi lebih baik Menginginkan saja sudah cukup Bagi saya  itu sudah cukup Hidup demi harapan itu semua Batalkan rencana kalau-kalau Anda menelepon Dan katakan  Temui aku di belakang mal Begitu banyak cinta musim panas dan ucapan "kita" Karena kamu bukan milikku yang akan kalah Kamu bukan milikku yang akan kalah  tidak Tapi aku bisa melihat kita tenggelam dalam ingatan Agustus menyelinap ke suatu saat Karena itu bukan milikku Dan aku bisa melihat kami terbungkus dalam seprai August menyesapnya seperti sebotol anggur Karena kamu tidak pernah menjadi milikku Karena kamu tidak pernah menjadi milikku  tidak pernah menjadi milikku Tapi apakah kamu ingat? Ingat ketika saya berhenti dan berkata  "Masuk ke dalam mobil" Lalu membatalkan rencanaku kalau-kalau kamu menelepon? Dulu ketika aku hidup demi harapan akan segalanya  demi harapan akan segalanya "Temui aku di belakang mall" (Ingat ketika saya berhenti dan berkata  "Masuk ke dalam mobil") (Dan kemudian membatalkan rencanaku kalau-kalau kamu menelepon?) (Dulu saat aku hidup demi harapan segalanya  demi harapan segalanya) (Temui aku di belakang mal) Ingat ketika saya berhenti dan berkata  "Masuk ke dalam mobil" Lalu membatalkan rencanaku kalau-kalau kamu menelepon? Kembali ketika aku hidup untuk harapan itu semua (untuk harapan itu semua),0
Losing Us.,Raissa Anggiani, Aku mencintaimu lebih dari yang terlihat Dan kamu bilang kamu juga merasakannya Kupikir itu adalah akhir yang bahagia Tapi sekarang ini baru saja dimulai Dan kemudian kamu meninggalkanku semuanya Dan kamu berkata  "Jangan kembali lagi" Dan saya berkata Mengapa saya harus kembali kepada Anda Jika kamu tidak membutuhkanku? aku akan kehilanganmu Dan kamu akan kehilangan aku Waktu berlalu Anda kembali lagi Anda meminta maaf atas apa yang telah Anda lakukan Tapi berapa kali Anda mengulangi kesalahan yang sama? Berapa kali yang diperlukan untuk memaafkanmu? Lagi dan lagi Dan kemudian kamu mulai menyakitiku  menyakitiku Mendorongku menjauh darimu Dan kemudian kamu meninggalkanku semuanya Dan kamu berkata  "Jangan kembali lagi" Dan saya berkata Mengapa saya harus kembali kepada Anda Jika kamu tidak membutuhkanku? aku akan kehilanganmu Dan kamu akan kehilangan aku Kenapa aku harus mempercayaimu Untuk menjaga hatiku tetap aman? Oh  aku marah Pasti sebodoh itu bagimu saya akan melakukan apapun untukmu Selama kamu menginginkanku Tapi kurasa kamu tidak pernah menginginkanku Caraku menginginkanmu Mengapa saya harus kembali kepada Anda Jika kamu tidak membutuhkanku? aku akan kehilanganmu Dan kamu akan kehilangan aku Mengapa harus mempercayai Anda Untuk menjaga hatiku tetap aman? Oh  aku marah Pasti sebodoh itu bagimu Mengapa saya harus kembali kepada Anda Jika kamu tidak membutuhkanku? aku akan kehilanganmu Dan kita akan kehilangan kita,0
Let Her Go,Passenger, Ya  Anda hanya membutuhkan lampu saat apinya kecil Hanya rindu matahari ketika salju mulai turun Ketahuilah bahwa Anda mencintainya hanya ketika Anda melepaskannya Ketahuilah bahwa Anda sudah tinggi ketika Anda merasa rendah Hanya benci jalan ketika kamu rindu rumah Ketahuilah bahwa Anda mencintainya hanya ketika Anda melepaskannya Dan Anda membiarkan dia pergi Menatap bagian bawah gelasmu Berharap suatu hari nanti kamu akan membuat mimpimu bertahan lama Tapi mimpi datangnya lambat  dan berlalu begitu cepat Anda melihatnya ketika Anda menutup mata Mungkin suatu hari nanti  Anda akan mengerti alasannya Segala sesuatu yang Anda sentuh pasti mati Namun Anda hanya membutuhkan lampu saat suhunya hampir habis Hanya rindu matahari ketika salju mulai turun Ketahuilah bahwa Anda mencintainya hanya ketika Anda melepaskannya Ketahuilah bahwa Anda sudah tinggi ketika Anda merasa rendah Hanya benci jalan ketika kamu rindu rumah Ketahuilah bahwa Anda mencintainya hanya ketika Anda melepaskannya Menatap langit-langit dalam kegelapan Perasaan kosong yang sama di hatimu Karena cinta datangnya lambat dan berjalan begitu cepat Nah  Anda melihatnya ketika Anda tertidur Tapi jangan pernah menyentuh dan tidak pernah menyimpannya Karena kamu terlalu mencintainya  dan kamu menyelam terlalu dalam Ya  Anda hanya membutuhkan lampu saat apinya kecil Hanya rindu matahari ketika salju mulai turun Ketahuilah bahwa Anda mencintainya hanya ketika Anda melepaskannya Ketahuilah bahwa Anda sudah tinggi ketika Anda merasa rendah Hanya benci jalan ketika kamu rindu rumah Ketahuilah bahwa Anda mencintainya hanya ketika Anda melepaskannya Dan Anda membiarkan dia pergi Dan Anda membiarkan dia pergi Baiklah  biarkan dia pergi Karena kamu hanya membutuhkan cahaya saat cahayanya hampir habis Hanya rindu matahari ketika salju mulai turun Ketahuilah bahwa Anda mencintainya hanya ketika Anda melepaskannya Ketahuilah bahwa Anda sudah tinggi ketika Anda merasa rendah Hanya benci jalan ketika kamu rindu rumah Ketahuilah bahwa Anda mencintainya hanya ketika Anda melepaskannya Karena kamu hanya membutuhkan cahaya saat cahayanya hampir habis Hanya rindu matahari ketika salju mulai turun Ketahuilah bahwa Anda mencintainya hanya ketika Anda melepaskannya Ketahuilah bahwa Anda sudah tinggi ketika Anda merasa rendah Hanya benci jalan ketika kamu rindu rumah Ketahuilah bahwa Anda mencintainya hanya ketika Anda melepaskannya Dan Anda membiarkan dia pergi,0
Aku Bukan Pilihan,Iwan Fals, Kini ku mengungkap tanya Siapakah dirinya Yang mengaku kekasihmu itu Aku tak bisa memahami  Ketika malam tiba Ku rela kau berada Dengan siapa kau melewatinya Aku tak bisa memahami  Aku lelaki tak mungkin Menerimamu bila Ternyata kau mendua Membuatku terluka  Tinggalkan saja diriku Yang tak mungkin menunggu Jangan pernah memilih Aku bukan pilihan  Selalu terungkap tanya Benarkah kini dia Wanita yang kukenal hatinya Aku tak bisa memahami  Tak perlu kau memilihku Aku lelaki Bukan tuk dipilih,0
Menangis Semalam,Audy, Kau sempat ucapkan pisah Saat kuberanjak pergi Tapi perasaanku Tak berpaling darimu  Kau ucapkan jangan pergi Saat ku datang kembali Tapi luka ini Tlah membeku tak mencair  Tahukah kamu Semalam tadi Aku menangis Mengingatmu Mengenangmu  Mungkin hatiku Terluka dalam Atau selalu Terukirkan Kenangan kita  Kau telah hadirkan dia Untuk menggantikan aku Tanpa kau sadari Aku tak kan pernah terganti  Kau ingin tinggalkan dia Dan menyandingku kembali Ini tak kan adil Untukku ataupun dirinya  Tahukah kamu Semalam tadi Aku menangis Mengingatmu Mengenangmu  Mungkin hatiku Terluka dalam Atau selalu Terukirkan Kenangan kita  Tahukah kamu Semalam tadi Aku menangis Mengingatmu Mengenangmu  Mungkin hatiku Terluka dalam Atau selalu Terukirkan Terukirkan Kenangan kita,0
Selepas Kau Pergi,La Luna, Selepas kau pergi Tinggallah di sini ku sendiri Ku merasakan sesuatu Yang telah hilang di dalam hidupku Dalam lubuk hatimu Ku yakin kau pun sebenarnya tak Inginkan lepas dariku Tahukah kau? Kini ku terluka Bantu aku membencimu Ku terlalu mencintaimu Dirimu begitu berarti untukku Kau telah mencinta Dan dicintai kekasihmu Ini tak adil bagiku Hilanglah damba  tinggallah hampa Bantu aku membencimu Ku terlalu mencintaimu Dirimu begitu berarti untukku Bantu aku membencimu Ku terlalu mencintaimu Dirimu begitu berarti untukku Lupakanku dalam hidupmu Yang pernah mencintaimu Kau memang tercipta Bukanlah untukku Selepas kau pergi Tinggallah di sini ku sendiri Ku merasakan sesuatu Yang telah hilang di dalam hidupku,0
Juara Kedua,Fiersa Besari, Berapa banyak lagi cemburu? Berapa banyak bual? Terhanyut menepis realita Kau bukanlah milikku Aku pilihan  kaulah jawaban Jelaskan arti adil Tolong menetap utuh karena Aku letih berbagi Mampukah kekasihmu setangguh aku? Menunggu tapi tak ditunggu Bertahan tapi tak ditahan Sampai kapan kau mau begini Menjalani kisah rahasia? Tak sadarkah di balik senyuman Sungguh 'ku terluka? Jika kau tidak bisa pastikan Sudahlah  aku mengalah saja Kau adalah pemenang walaupun aku juara kedua Pada sebuah titik bifurkasi Sudikah kau mengerti? Aku ingin cuma ada kita Tanpa dustai dia Mampukah kekasihmu setangguh aku? Menunggu tapi tak ditunggu Bertahan tapi tak ditahan Sampai kapan kau mau begini Menjalani kisah rahasia? Tak sadarkah di balik senyuman Sungguh 'ku terluka? Jika kau tidak bisa pastikan Sudahlah  aku mengalah saja Kau adalah pemenang walaupun aku juara kedua 'Ku memberimu yang terbaik Mengapa dia mendapatkan Apa yang terbaik darimu? Sampai kapan kau mau begini Menjalani kisah rahasia? Tak sadarkah di balik senyuman Sungguh 'ku terluka? Jika kau tidak bisa pastikan Sudahlah  aku mengalah saja Kau adalah pemenang walaupun aku juara kedua,0
Pupus,Dewa 19, Aku tak mengerti apa yang kurasa Rindu yang tak pernah begitu hebatnya Aku mencintaimu lebih dari yang kau tahu Meski kau takkan pernah tahu Aku persembahkan hidupku untukmu Telah kurelakan hatiku padamu Namun kau masih bisu  diam seribu bahasa Dan hati kecilku bicara Baru kusadari Cintaku bertepuk sebelah tangan Kau buat remuk seluruh hatiku Semoga waktu akan mengilhami Sisi hatimu yang beku Semoga akan datang keajaiban Hingga akhirnya kau pun mau Aku mencintaimu lebih dari yang kau tahu Meski kau takkan pernah tahu Baru kusadari Cintaku bertepuk sebelah tangan Kau buat remuk seluruh hatiku Baru kusadari Cintaku bertepuk sebelah tangan Kau buat remuk seluruh hatiku Baru kusadari baru kusadari) Cintaku bertepuk sebelah tangan (bertepuk sebelah tangan) Kau buat remuk seluruh hatiku Seluruh hatiku,0
